complex_id,pdb,g1,g2,chain,resnum,icode,wt,mut,num_atlas,cdr,mut_chain,tcrname,wtcdr,gate_pass,is_overlap,struct_aa,ddG,n_meas
2VLJ_DE_ABC,2VLJ,DE,ABC,D,31,,S,A,31,CDR1,A,JM22,SVFSSL,True,0,S,0.62,1
2VLJ_DE_ABC,2VLJ,DE,ABC,D,32,,S,A,32,CDR1,A,JM22,SVFSSL,True,0,S,1.05,1
2VLJ_DE_ABC,2VLJ,DE,ABC,D,34,,Q,A,34,CDR1,A,JM22,SVFSSL,True,0,Q,0.98,1
2VLJ_DE_ABC,2VLJ,DE,ABC,E,32,,D,A,32,CDR1,B,JM22,LNHDA,True,0,D,1.58,1
2VLJ_DE_ABC,2VLJ,DE,ABC,E,53,,I,L,53,CDR2,B,JM22,SQIVND,True,0,I,1.43,1
2VLJ_DE_ABC,2VLJ,DE,ABC,E,53,,I,V,53,CDR2,B,JM22,SQIVND,True,0,I,0.2,1
2VLJ_DE_ABC,2VLJ,DE,ABC,E,55,,N,A,55,CDR2,B,JM22,SQIVND,True,0,N,1.12,1
2VLJ_DE_ABC,2VLJ,DE,ABC,E,55,,N,D,55,CDR2,B,JM22,SQIVND,True,0,N,0.5,1
2VLJ_DE_ABC,2VLJ,DE,ABC,E,56,,D,A,56,CDR2,B,JM22,SQIVND,True,0,D,0.13,1
2VLJ_DE_ABC,2VLJ,DE,ABC,E,58,,Q,A,58,CDR2,B,JM22,SQIVND,True,0,Q,0.5,1
2VLJ_DE_ABC,2VLJ,DE,ABC,E,58,,Q,E,58,CDR2,B,JM22,SQIVND,True,0,Q,0.0,1
3MV8_DE_ABC,3MV8,DE,ABC,E,55,,Q,H,55,CDR2,B,TK3,YYNGEE,False,0,H,1.8599999999999999,2
3MV9_DE_ABC,3MV9,DE,ABC,E,55,,Q,A,55,CDR2,B,TK3,YYNGEE,False,0,A,1.6175,4
3O6F_CD_ABP,3O6F,CD,ABP,D,29,,T,A,29,CDR1,A,MS2-3C8,TISGTDY,True,0,T,-1.48,1
3O6F_CD_ABP,3O6F,CD,ABP,D,96,,K,A,96,CDR3,A,MS2-3C8,TVYGGATNKLI,True,0,K,0.11,1
3O6F_CD_ABP,3O6F,CD,ABP,E,50,,E,A,50,CDR2,B,MS2-3C8,SNEGSKA,True,0,E,0.11,1
3O6F_CD_ABP,3O6F,CD,ABP,E,55,,T,A,55,CDR2,B,MS2-3C8,SNEGSKA,True,0,T,0.18,1
3PL6_CD_ABP,3PL6,CD,ABP,D,97,,N,A,97,CDR3,A,Hy.1B11,AASSFGNEKLT,True,0,N,0.57,1
3PL6_CD_ABP,3PL6,CD,ABP,E,46,,Y,A,46,CDR2,B,Hy.1B11,FQGTGA,False,0,L,0.06,1
3PL6_CD_ABP,3PL6,CD,ABP,E,48,,Q,A,48,CDR2,B,Hy.1B11,FQGTGA,False,0,Y,1.21,1
3PL6_CD_ABP,3PL6,CD,ABP,E,50,,T,A,50,CDR2,B,Hy.1B11,FQGTGA,False,0,Q,0.19,1
3PL6_CD_ABP,3PL6,CD,ABP,E,54,,D,A,54,CDR2,B,Hy.1B11,FQGTGA,False,0,A,0.46,1
3PL6_CD_ABP,3PL6,CD,ABP,E,95,,L,A,95,CDR3,B,Hy.1B11,ATSALGDTQY,False,0,S,1.21,1
1AO7_DE_ABC,1AO7,DE,ABC,D,26,,D,A,26,CDR1,A,A6,DRGSQS,True,1,D,1.2000000000000002,2
1AO7_DE_ABC,1AO7,DE,ABC,D,26,,D,M,26,CDR1,A,A6,DRGSQS,True,1,D,0.19,1
1AO7_DE_ABC,1AO7,DE,ABC,D,26,,D,V,26,CDR1,A,A6,DRGSQS,True,1,D,1.45,1
1AO7_DE_ABC,1AO7,DE,ABC,D,26,,D,W,26,CDR1,A,A6,DRGSQS,True,1,D,1.08,1
1AO7_DE_ABC,1AO7,DE,ABC,D,27,,R,A,27,CDR1,A,A6,DRGSQS,True,1,R,1.0625,4
1AO7_DE_ABC,1AO7,DE,ABC,D,27,,R,F,27,CDR1,A,A6,DRGSQS,True,1,R,0.22,1
1AO7_DE_ABC,1AO7,DE,ABC,D,28,,G,A,28,CDR1,A,A6,DRGSQS,True,1,G,0.58,1
1AO7_DE_ABC,1AO7,DE,ABC,D,28,,G,I,28,CDR1,A,A6,DRGSQS,True,1,G,0.27,1
1AO7_DE_ABC,1AO7,DE,ABC,D,28,,G,L,28,CDR1,A,A6,DRGSQS,True,1,G,-0.46,1
1AO7_DE_ABC,1AO7,DE,ABC,D,28,,G,M,28,CDR1,A,A6,DRGSQS,True,1,G,0.51,1
1AO7_DE_ABC,1AO7,DE,ABC,D,28,,G,R,28,CDR1,A,A6,DRGSQS,True,1,G,2.43,1
1AO7_DE_ABC,1AO7,DE,ABC,D,28,,G,T,28,CDR1,A,A6,DRGSQS,True,1,G,0.76,1
1AO7_DE_ABC,1AO7,DE,ABC,D,28,,G,V,28,CDR1,A,A6,DRGSQS,True,1,G,0.56,1
1AO7_DE_ABC,1AO7,DE,ABC,D,29,,S,A,29,CDR1,A,A6,DRGSQS,True,1,S,0.33,1
1AO7_DE_ABC,1AO7,DE,ABC,D,30,,Q,E,30,CDR1,A,A6,DRGSQS,True,1,Q,0.43,1
1AO7_DE_ABC,1AO7,DE,ABC,D,30,,Q,L,30,CDR1,A,A6,DRGSQS,True,1,Q,2.3825,4
1AO7_DE_ABC,1AO7,DE,ABC,D,30,,Q,N,30,CDR1,A,A6,DRGSQS,True,1,Q,0.73,1
1AO7_DE_ABC,1AO7,DE,ABC,D,30,,Q,V,30,CDR1,A,A6,DRGSQS,True,1,Q,1.0566666666666666,6
1AO7_DE_ABC,1AO7,DE,ABC,D,31,,S,A,31,CDR1,A,A6,DRGSQS,True,1,S,1.0250000000000001,4
1AO7_DE_ABC,1AO7,DE,ABC,D,50,,Y,A,50,CDR2,A,A6,IYSNGD,True,1,Y,0.61,4
1AO7_DE_ABC,1AO7,DE,ABC,D,50,,Y,A,50,CDR2,A,DMF5,IYSNGD,True,1,Y,0.07500000000000001,2
1AO7_DE_ABC,1AO7,DE,ABC,D,51,,S,M,51,CDR2,A,A6,IYSNGD,True,1,S,0.37,1
1AO7_DE_ABC,1AO7,DE,ABC,D,52,,N,A,52,CDR2,A,A6,IYSNGD,True,1,N,1.9249999999999998,2
1AO7_DE_ABC,1AO7,DE,ABC,D,52,,N,A,52,CDR2,A,DMF5,IYSNGD,True,1,N,-1.025,2
1AO7_DE_ABC,1AO7,DE,ABC,D,68,,K,A,68,CDR2,A,A6,IYSNGD,True,1,K,0.49333333333333335,6
1AO7_DE_ABC,1AO7,DE,ABC,D,68,,K,H,68,CDR2,A,A6,IYSNGD,True,1,K,1.09,1
1AO7_DE_ABC,1AO7,DE,ABC,D,93,,T,A,93,CDR3,A,A6,AVTTDSWGKLQ,True,1,T,2.165,2
1AO7_DE_ABC,1AO7,DE,ABC,D,98,,T,A,98,CDR3,A,A6,AVTTDSWGKLQ,True,1,T,1.715,2
1AO7_DE_ABC,1AO7,DE,ABC,D,99,,D,A,99,CDR3,A,A6,AVTTDSWGKLQ,True,1,D,1.0999999999999999,6
1AO7_DE_ABC,1AO7,DE,ABC,D,99,,D,N,99,CDR3,A,A6,AVTTDSWGKLQ,True,1,D,2.855,2
1AO7_DE_ABC,1AO7,DE,ABC,D,100,,S,A,100,CDR3,A,A6,AVTTDSWGKLQ,True,1,S,0.58,3
1AO7_DE_ABC,1AO7,DE,ABC,D,100,,S,N,100,CDR3,A,A6,AVTTDSWGKLQ,True,1,S,1.92,1
1AO7_DE_ABC,1AO7,DE,ABC,D,100,,S,T,100,CDR3,A,A6,AVTTDSWGKLQ,True,1,S,0.49,1
1AO7_DE_ABC,1AO7,DE,ABC,D,100,,S,Y,100,CDR3,A,A6,AVTTDSWGKLQ,True,1,S,2.34,1
1AO7_DE_ABC,1AO7,DE,ABC,D,101,,W,A,101,CDR3,A,A6,AVTTDSWGKLQ,True,1,W,2.9699999999999998,2
1AO7_DE_ABC,1AO7,DE,ABC,E,30,,E,A,30,CDR1,B,A6,MNHEY,True,1,E,2.76,6
1AO7_DE_ABC,1AO7,DE,ABC,E,54,,I,R,54,CDR2,B,A6,SVGAGI,True,1,I,1.28,1
1AO7_DE_ABC,1AO7,DE,ABC,E,95,,R,A,95,CDR3,B,A6,ASRPGLAGGRPEQY,True,1,R,0.8325,8
1AO7_DE_ABC,1AO7,DE,ABC,E,98,,L,A,98,CDR3,B,A6,ASRPGLAGGRPEQY,True,1,L,2.1,2
1AO7_DE_ABC,1AO7,DE,ABC,E,99,,A,K,99,CDR3,B,A6,ASRPGLAGGRPEQY,True,1,A,0.1,1
1AO7_DE_ABC,1AO7,DE,ABC,E,99,,A,M,99,CDR3,B,A6,ASRPGLAGGRPEQY,True,1,A,0.0050000000000000044,2
1AO7_DE_ABC,1AO7,DE,ABC,E,99,,D,A,99,CDR3,B,A6,ASRPGLAGGRPEQY,False,1,A,1.105,2
1AO7_DE_ABC,1AO7,DE,ABC,E,100,,G,S,100,CDR3,B,A6,ASRPGLAGGRPEQY,True,1,G,-0.010000000000000009,2
1AO7_DE_ABC,1AO7,DE,ABC,E,101,,G,A,101,CDR3,B,A6,ASRPGLAGGRPEQY,True,1,G,1.09,1
1AO7_DE_ABC,1AO7,DE,ABC,E,102,,R,A,102,CDR3,B,A6,ASRPGLAGGRPEQY,True,1,R,1.155,2
1AO7_DE_ABC,1AO7,DE,ABC,E,102,,R,Q,102,CDR3,B,A6,ASRPGLAGGRPEQY,True,1,R,0.45,1
1AO7_DE_ABC,1AO7,DE,ABC,E,103,,P,A,103,CDR3,B,A6,ASRPGLAGGRPEQY,True,1,P,1.67875,8
1MI5_DE_ABC,1MI5,DE,ABC,D,25,,S,A,25,CDR1,A,LC13,TISGTDY,True,1,S,0.1,1
1MI5_DE_ABC,1MI5,DE,ABC,D,26,,T,A,26,CDR1,A,LC13,TISGTDY,True,1,T,0.26,1
1MI5_DE_ABC,1MI5,DE,ABC,D,28,,S,A,28,CDR1,A,LC13,TISGTDY,True,1,S,-0.04,1
1MI5_DE_ABC,1MI5,DE,ABC,D,30,,T,A,30,CDR1,A,LC13,TISGTDY,True,1,"T,D",0.59,1
1MI5_DE_ABC,1MI5,DE,ABC,D,31,,Y,A,31,CDR1,A,LC13,TISGTDY,True,1,Y,0.45,1
1MI5_DE_ABC,1MI5,DE,ABC,D,48,,H,A,48,N/A,A,LC13,N/A,True,1,H,1.12,1
1MI5_DE_ABC,1MI5,DE,ABC,D,51,,T,A,51,CDR2,A,LC13,GLTSN,True,1,T,-0.56,1
1MI5_DE_ABC,1MI5,DE,ABC,D,52,,S,A,52,CDR2,A,LC13,GLTSN,True,1,S,0.49,1
1MI5_DE_ABC,1MI5,DE,ABC,D,54,,N,A,54,CDR2,A,LC13,GLTSN,True,1,N,-0.02,1
1MI5_DE_ABC,1MI5,DE,ABC,D,95,,A,G,95,CDR3,A,LC13,ILPLAGGTSYGKL,True,1,A,0.6,1
1MI5_DE_ABC,1MI5,DE,ABC,D,96,,G,A,96,CDR3,A,LC13,ILPLAGGTSYGKL,True,1,G,0.75,1
1MI5_DE_ABC,1MI5,DE,ABC,D,98,,T,A,98,CDR3,A,LC13,ILPLAGGTSYGKL,True,1,T,0.95,1
1MI5_DE_ABC,1MI5,DE,ABC,D,99,,S,A,99,CDR3,A,LC13,ILPLAGGTSYGKL,True,1,S,0.82,1
1MI5_DE_ABC,1MI5,DE,ABC,E,27,,S,A,27,CDR1,B,LC13,SGHVS,True,1,S,0.03,1
1MI5_DE_ABC,1MI5,DE,ABC,E,28,,G,A,28,CDR1,B,LC13,SGHVS,True,1,G,-0.29,1
1MI5_DE_ABC,1MI5,DE,ABC,E,30,,V,A,30,CDR1,B,LC13,SGHVS,True,1,V,0.29,1
1MI5_DE_ABC,1MI5,DE,ABC,E,31,,S,A,31,CDR1,B,LC13,SGHVS,True,1,S,1.05,1
1MI5_DE_ABC,1MI5,DE,ABC,E,50,,Q,A,50,CDR2,B,LC13,FQNEAQ,True,1,Q,-0.07,1
1MI5_DE_ABC,1MI5,DE,ABC,E,51,,N,A,51,CDR2,B,LC13,FQNEAQ,True,1,N,-0.43,1
1MI5_DE_ABC,1MI5,DE,ABC,E,52,,E,A,52,CDR2,B,LC13,FQNEAQ,True,1,E,0.82,1
1MI5_DE_ABC,1MI5,DE,ABC,E,94,,S,A,94,CDR3,B,LC13,ASSLGQAYEQY,True,1,S,0.3,1
1MI5_DE_ABC,1MI5,DE,ABC,E,95,,S,A,95,CDR3,B,LC13,ASSLGQAYEQY,True,1,S,-0.61,1
1MI5_DE_ABC,1MI5,DE,ABC,E,96,,L,A,96,CDR3,B,LC13,ASSLGQAYEQY,True,1,L,0.12,1
1MI5_DE_ABC,1MI5,DE,ABC,E,105,,E,A,105,CDR3,B,LC13,ASSLGQAYEQY,True,1,E,0.12,1
1MI5_DE_ABC,1MI5,DE,ABC,E,107,,Y,A,107,CDR3,B,LC13,ASSLGQAYEQY,True,1,Y,0.26,1
2AK4_DE_ABC,2AK4,DE,ABC,D,29,,T,A,29,CDR1,A,SB27,TRDTTYY,True,1,T,-0.13,1
2AK4_DE_ABC,2AK4,DE,ABC,D,31,,Y,A,31,CDR1,A,SB27,TRDTTYY,True,1,Y,0.1,1
2AK4_DE_ABC,2AK4,DE,ABC,E,28,,N,A,28,CDR1,B,SB27,MNHNS,True,1,N,0.21,1
2AK4_DE_ABC,2AK4,DE,ABC,E,30,,N,A,30,CDR1,B,SB27,MNHNS,True,1,N,0.82,1
2AK4_DE_ABC,2AK4,DE,ABC,E,51,,S,A,51,CDR2,B,SB27,SASEGT,True,1,S,-0.31,1
2AK4_DE_ABC,2AK4,DE,ABC,E,66,,N,A,66,N/A,B,SB27,N/A,True,1,N,-0.04,1
2AK4_DE_ABC,2AK4,DE,ABC,E,98,,L,A,98,CDR3,B,SB27,ASPGLAGEYEQY,True,1,L,0.85,1
2AK4_DE_ABC,2AK4,DE,ABC,E,101,,E,A,101,CDR3,B,SB27,ASPGLAGEYEQY,True,1,E,0.05,1
2VLR_DE_ABC,2VLR,DE,ABC,E,99,,S,A,99,CDR3,B,JM22,ASSSRSSYEQY,False,1,A,-0.03,1
2VLR_DE_ABC,2VLR,DE,ABC,E,101,,Y,A,101,CDR3,B,JM22,ASSSRSSYEQY,True,1,Y,0.23,1
2VLR_DE_ABC,2VLR,DE,ABC,E,101,,Y,F,101,CDR3,B,JM22,ASSSRSSYEQY,True,1,Y,0.5,1
