backbone_id,complex_id,d,n_pairs,partial_T,irmsd,interface_ok,irmsd_bin
1A22_A_B_T0_0,1A22_A_B,0.32189568877220154,7,0,5.009934885648364e-06,1,<1
1A22_A_B_T40_1,1A22_A_B,-1.362004109791347,7,40,19.010578448517126,1,>10
1BP3_A_B_T20_2,1BP3_A_B,0.08359451293945312,5,20,1580258.457032893,0,>10
1BRS_A_D_T10_0,1BRS_A_D,0.20411902666091908,2,10,1.916348753956326,1,1-2
1BRS_A_D_T40_2,1BRS_A_D,-1.0829962268471718,2,40,18.308480057893,1,>10
1E50_A_B_T20_1,1E50_A_B,0.07032787799835216,2,20,1.9098711918782911,1,1-2
1EMV_A_B_T0_0,1EMV_A_B,0.5803183019161224,1,0,1.137102366454785e-06,1,<1
1FCC_A_C_T20_2,1FCC_A_C,-0.8578004837036128,1,20,2.6971714701479383,1,2-3
1GUA_A_B_T40_0,1GUA_A_B,-0.3674938678741455,1,40,14.337339909808785,1,>10
1H9D_A_B_T10_1,1H9D_A_B,-0.5641047209501266,2,10,2.159097533360116,1,2-3
1H9D_A_B_T5_0,1H9D_A_B,-1.0938476920127869,2,5,1.7189112092923136,1,1-2
1IAR_A_B_T20_1,1IAR_A_B,0.3410370349884033,1,20,1769744.8074884997,0,>10
1K8R_A_B_T0_0,1K8R_A_B,-0.7133884429931641,1,0,1.893436912055463e-06,1,<1
1K8R_A_B_T40_1,1K8R_A_B,0.7790718078613281,1,40,63170040.38199968,0,>10
1LFD_A_B_T20_2,1LFD_A_B,-1.1290659904479976,1,20,1674594.2769009983,0,>10
1S1Q_A_B_T10_1,1S1Q_A_B,1.2828547954559317,1,10,29871.55027381405,0,>10
1S1Q_A_B_T5_0,1S1Q_A_B,1.261647462844849,1,5,1239.0762729006062,0,>10
1VFB_AB_C_T20_2,1VFB_AB_C,0.8041927814483647,1,20,1613140.0207812348,0,>10
2A9K_A_B_T10_0,2A9K_A_B,0.07831859588623069,1,10,1.569866694949621,1,1-2
2A9K_A_B_T40_2,2A9K_A_B,-1.9048151969909668,1,40,28.31889177746314,0,>10
2GOX_A_B_T10_1,2GOX_A_B,-0.5464394092559814,1,10,1.9932053240816403,1,1-2
2GOX_A_B_T5_0,2GOX_A_B,1.0498442649841313,1,5,1.4505067225320445,0,1-2
2J0T_A_D_T20_1,2J0T_A_D,-1.184328556060791,1,20,1519159.7150667678,0,>10
2WPT_A_B_T0_0,2WPT_A_B,0.7157018681367239,6,0,7.931300427220125e-07,1,<1
3BK3_A_C_T10_2,3BK3_A_C,-0.6605910435318948,1,10,2.1874528008356227,1,2-3
3BK3_A_C_T5_1,3BK3_A_C,0.6968280673027039,1,5,1.11277085996815,1,1-2
3BT1_A_U_T20_2,3BT1_A_U,0.8211953043937683,4,20,4.57025868676632,1,3-5
3KUD_A_B_T40_0,3KUD_A_B,-2.7408440113067627,1,40,11.1621011222674,0,>10
3LB6_A_C_T10_1,3LB6_A_C,-0.7065548896789546,1,10,25241.856236749893,0,>10
3LB6_A_C_T5_0,3LB6_A_C,-0.29973745346069336,1,5,1131.5403069230974,0,>10
3MZG_A_B_T20_1,3MZG_A_B,-0.23592138290405273,1,20,1821109.3494504653,0,>10
3Q8D_A_E_T0_0,3Q8D_A_E,-3.1647281646728516,1,0,6.678108377503979e-06,0,<1
3Q8D_A_E_T40_1,3Q8D_A_E,1.7488284111022954,1,40,20.76970002744724,0,>10
3S9D_A_B_T10_2,3S9D_A_B,-1.1961170434951782,2,10,33036.103799098026,0,>10
3S9D_A_B_T5_1,3S9D_A_B,0.8679484128952026,2,5,1534.026279163358,0,>10
3SE4_B_C_T20_2,3SE4_B_C,-0.35224485397338867,1,20,1688310.3980893297,0,>10
4BFI_A_B_T40_0,4BFI_A_B,-0.06134176254272461,3,40,52287257.18397825,0,>10
4G0N_A_B_T20_1,4G0N_A_B,-0.8234281539916992,1,20,3.011440689264492,1,3-5
4HFK_A_BD_T0_0,4HFK_A_BD,1.5633951326211293,3,0,8.232743919527755e-07,1,<1
4HFK_A_BD_T40_1,4HFK_A_BD,0.0982968807220459,3,40,53345642.142816745,0,>10
4HRN_A_D_T10_2,4HRN_A_D,0.018475770950317383,1,10,25923.71452731456,0,>10
4HRN_A_D_T5_1,4HRN_A_D,0.6037874221801758,1,5,1126.3880656612268,0,>10
5M2O_A_B_T40_0,5M2O_A_B,0.42118632793426514,2,40,32.544333003126184,0,>10
5TAR_A_B_T10_1,5TAR_A_B,0.8307657241821289,1,10,1.553397272790091,1,1-2
5TAR_A_B_T5_0,5TAR_A_B,1.7107491493225098,1,5,0.574630439786569,1,<1
1A22_A_B_T10_0,1A22_A_B,-0.6663620620965958,7,10,1.4203182909129046,1,1-2
1A22_A_B_T40_2,1A22_A_B,-0.9439255169459752,7,40,22.88263096306452,1,>10
1BP3_A_B_T40_0,1BP3_A_B,-0.13556747436523436,5,40,53134391.687192194,0,>10
1BRS_A_D_T10_1,1BRS_A_D,1.474105566740036,2,10,1.866393580870155,1,1-2
1BRS_A_D_T5_0,1BRS_A_D,0.8244717121124268,2,5,1.5188232235196415,1,1-2
1E50_A_B_T20_2,1E50_A_B,0.6980060338973999,2,20,2.292391218609136,1,2-3
1EMV_A_B_T10_0,1EMV_A_B,1.0492062568664542,1,10,31252.00041695805,0,>10
1EMV_A_B_T40_2,1EMV_A_B,1.0688905715942383,1,40,55042140.332415424,0,>10
1FCC_A_C_T40_0,1FCC_A_C,-0.7017285823822021,1,40,16.821787374512574,0,>10
1GUA_A_B_T0_0,1GUA_A_B,-0.7420961856842041,1,0,1.0259907057562643e-06,1,<1
1GUA_A_B_T40_1,1GUA_A_B,0.5135529041290279,1,40,18.374586593419107,1,>10
1H9D_A_B_T10_2,1H9D_A_B,-1.5299951955676079,2,10,2.5004930191238794,1,2-3
1H9D_A_B_T5_1,1H9D_A_B,0.13592209666967414,2,5,1.3274216304568816,1,1-2
1IAR_A_B_T20_2,1IAR_A_B,-0.4864022731781006,1,20,1781211.6065075088,0,>10
1K8R_A_B_T10_0,1K8R_A_B,1.7387909889221191,1,10,28337.986542006245,0,>10
1K8R_A_B_T40_2,1K8R_A_B,1.2490630149841309,1,40,57725085.448384255,0,>10
1LFD_A_B_T40_0,1LFD_A_B,-0.4552350044250484,1,40,56675447.72497451,0,>10
1S1Q_A_B_T10_2,1S1Q_A_B,1.3991427421569833,1,10,29376.7117316861,0,>10
1S1Q_A_B_T5_1,1S1Q_A_B,0.5579724311828609,1,5,1250.900110081942,0,>10
1VFB_AB_C_T40_0,1VFB_AB_C,-0.8792135715484619,1,40,57578492.581554376,0,>10
2A9K_A_B_T10_1,2A9K_A_B,-0.03883135318756081,1,10,1.6681432762240611,0,1-2
2A9K_A_B_T5_0,2A9K_A_B,-0.05035090446472168,1,5,1.0372884246867848,1,1-2
2GOX_A_B_T10_2,2GOX_A_B,-0.9711549282073975,1,10,2.12171117398158,1,2-3
2GOX_A_B_T5_1,2GOX_A_B,0.0528916120529177,1,5,1.660879919078008,1,1-2
2J0T_A_D_T20_2,2J0T_A_D,-1.228082895278931,1,20,1543883.239848624,0,>10
2WPT_A_B_T10_0,2WPT_A_B,-0.37433377901713044,6,10,30700.6408996846,0,>10
2WPT_A_B_T40_2,2WPT_A_B,-0.2984405755996706,6,40,57501701.00238247,0,>10
3BK3_A_C_T20_0,3BK3_A_C,1.4930839538574219,1,20,3.876707738909831,1,3-5
3BK3_A_C_T5_2,3BK3_A_C,1.0611985921859741,1,5,1.4981924286270734,1,1-2
3BT1_A_U_T40_0,3BT1_A_U,-0.6520336270332335,4,40,15.50376546619857,1,>10
3KUD_A_B_T0_0,3KUD_A_B,0.4114021062850952,1,0,9.406591880595474e-07,0,<1
3KUD_A_B_T40_1,3KUD_A_B,-1.204033613204956,1,40,13.342581111813544,0,>10
3LB6_A_C_T10_2,3LB6_A_C,-0.885704517364502,1,10,24979.012684026013,0,>10
3LB6_A_C_T5_1,3LB6_A_C,-0.36896729469299316,1,5,1181.4368158429595,0,>10
3MZG_A_B_T20_2,3MZG_A_B,-0.5240883827209464,1,20,1778519.0655649628,0,>10
3Q8D_A_E_T10_0,3Q8D_A_E,-2.2500858306884766,1,10,2.4477284553994787,0,2-3
3Q8D_A_E_T40_2,3Q8D_A_E,0.5281844139099121,1,40,14.17541189640644,0,>10
3S9D_A_B_T20_0,3S9D_A_B,-0.9294925928115845,2,20,1714721.0485407417,0,>10
3S9D_A_B_T5_2,3S9D_A_B,0.4311920404434204,2,5,1551.7446188127697,0,>10
3SE4_B_C_T40_0,3SE4_B_C,0.155495166778564,1,40,51668773.22282916,0,>10
4BFI_A_B_T0_0,4BFI_A_B,0.7693710078795751,3,0,1.1243174800413152e-06,1,<1
4G0N_A_B_T20_2,4G0N_A_B,-0.45172548294067383,1,20,5.831608206041171,1,5-10
4HFK_A_BD_T10_0,4HFK_A_BD,0.43943635622660376,3,10,30662.780098441526,0,>10
4HFK_A_BD_T40_2,4HFK_A_BD,-0.01338799794514974,3,40,52542596.59056809,0,>10
4HRN_A_D_T20_0,4HRN_A_D,-0.8491384983062744,1,20,1399486.1642110192,0,>10
4HRN_A_D_T5_2,4HRN_A_D,-0.1994311809539795,1,5,1123.112587921853,0,>10
5M2O_A_B_T0_0,5M2O_A_B,0.6656549572944641,2,0,1.2199952127916285e-06,1,<1
5M2O_A_B_T40_1,5M2O_A_B,-0.9415160417556765,2,40,17.897607177946604,1,>10
5TAR_A_B_T10_2,5TAR_A_B,1.1459839344024658,1,10,1.979030870462594,1,1-2
5TAR_A_B_T5_1,5TAR_A_B,1.7207462787628178,1,5,0.9099092474489476,1,<1
1A22_A_B_T10_1,1A22_A_B,0.544013500213623,7,10,1.9344850382728151,1,1-2
1A22_A_B_T5_0,1A22_A_B,-0.35208848118782043,7,5,0.9777997628904944,1,<1
1BP3_A_B_T0_0,1BP3_A_B,0.011397516727447465,5,0,1.2125980623458912e-06,1,<1
1BP3_A_B_T40_1,1BP3_A_B,-0.017066812515258788,5,40,52757766.162514925,0,>10
1BRS_A_D_T10_2,1BRS_A_D,-1.1948113441467283,2,10,1.295663733664735,1,1-2
1BRS_A_D_T5_1,1BRS_A_D,-2.040398895740509,2,5,1.427560411121751,1,1-2
1E50_A_B_T40_0,1E50_A_B,0.30909132957458496,2,40,15.788601168872049,1,>10
1EMV_A_B_T10_1,1EMV_A_B,0.40228962898254395,1,10,32020.48026861108,0,>10
1EMV_A_B_T5_0,1EMV_A_B,0.5630497932434082,1,5,1380.4892695931098,0,>10
1FCC_A_C_T0_0,1FCC_A_C,0.1451371908187864,1,0,5.239629924599173e-07,1,<1
1FCC_A_C_T40_1,1FCC_A_C,1.4521663188934326,1,40,37.52916933518312,0,>10
1GUA_A_B_T10_0,1GUA_A_B,0.4577016830444336,1,10,1.4962889306587088,1,1-2
1GUA_A_B_T40_2,1GUA_A_B,-0.39965844154357955,1,40,23.58330955699828,0,>10
1H9D_A_B_T20_0,1H9D_A_B,-1.4125282391905785,2,20,6.247156221536902,1,5-10
1H9D_A_B_T5_2,1H9D_A_B,-0.646433912217617,2,5,1.413166749458033,1,1-2
1IAR_A_B_T40_0,1IAR_A_B,0.7134687900543213,1,40,52397046.57307619,0,>10
1K8R_A_B_T10_1,1K8R_A_B,1.6914868354797363,1,10,28799.222805304507,0,>10
1K8R_A_B_T5_0,1K8R_A_B,1.0874090194702148,1,5,1186.6746797914311,0,>10
1LFD_A_B_T0_0,1LFD_A_B,3.764548659324646,1,0,2.700957560933187e-06,1,<1
1LFD_A_B_T40_1,1LFD_A_B,0.16173601150512695,1,40,53607619.42337649,0,>10
1S1Q_A_B_T20_0,1S1Q_A_B,0.9987711906433105,1,20,1673637.1589704975,0,>10
1S1Q_A_B_T5_2,1S1Q_A_B,1.3843531608581543,1,5,1267.6992115170367,0,>10
1VFB_AB_C_T0_0,1VFB_AB_C,0.6391289234161377,1,0,1.2462655772453835e-06,1,<1
1VFB_AB_C_T40_1,1VFB_AB_C,0.38434314727783203,1,40,52157723.846893325,0,>10
2A9K_A_B_T10_2,2A9K_A_B,-0.2099006175994873,1,10,1.838765531259443,1,1-2
2A9K_A_B_T5_1,2A9K_A_B,-0.33011698722839355,1,5,1.1027233409841484,1,1-2
2GOX_A_B_T20_0,2GOX_A_B,-0.4843968152999878,1,20,3.498317701173839,0,3-5
2GOX_A_B_T5_2,2GOX_A_B,0.4001343250274658,1,5,0.9542817958480848,1,<1
2J0T_A_D_T40_0,2J0T_A_D,-0.2758347988128662,1,40,48290391.61758961,0,>10
2WPT_A_B_T10_1,2WPT_A_B,-0.4766127665837605,6,10,30495.867702069256,0,>10
2WPT_A_B_T5_0,2WPT_A_B,-0.3770565589269002,6,5,1373.7154144504566,0,>10
3BK3_A_C_T20_1,3BK3_A_C,3.0984222292900085,1,20,5.379960527414402,1,5-10
3BT1_A_U_T0_0,3BT1_A_U,-0.10621833056211438,4,0,1.025899253001808e-06,1,<1
3BT1_A_U_T40_1,3BT1_A_U,-0.3213436603546139,4,40,22.28731504014886,0,>10
3KUD_A_B_T10_0,3KUD_A_B,-1.5009958744049072,1,10,1.852370414450116,0,1-2
3KUD_A_B_T40_2,3KUD_A_B,-0.5778093338012695,1,40,15.8644334005261,0,>10
3LB6_A_C_T20_0,3LB6_A_C,-2.3605622053146362,1,20,1431157.4456028966,0,>10
3LB6_A_C_T5_2,3LB6_A_C,-2.3753244876861577,1,5,1201.2205757211257,0,>10
3MZG_A_B_T40_0,3MZG_A_B,-0.673837184906005,1,40,55424191.74034208,0,>10
3Q8D_A_E_T10_1,3Q8D_A_E,-2.868459105491638,1,10,2.1237072429661006,0,2-3
3Q8D_A_E_T5_0,3Q8D_A_E,-3.3895318508148193,1,5,1.2356049261926636,0,1-2
3S9D_A_B_T20_1,3S9D_A_B,-0.1566944122314453,2,20,1735456.3786903874,0,>10
3SE4_B_C_T0_0,3SE4_B_C,-0.46209573745727495,1,0,1.4628640419581163e-06,1,<1
3SE4_B_C_T40_1,3SE4_B_C,-1.2391047477722168,1,40,52495245.19950874,0,>10
4BFI_A_B_T10_0,4BFI_A_B,-0.5958780447642006,3,10,40038.72197787256,0,>10
4BFI_A_B_T40_2,4BFI_A_B,0.45958828926086454,3,40,54852627.36372224,0,>10
4G0N_A_B_T40_0,4G0N_A_B,0.09510421752929732,1,40,15.849620053147367,1,>10
4HFK_A_BD_T10_1,4HFK_A_BD,0.880686362584432,3,10,29979.802175119155,0,>10
4HFK_A_BD_T5_0,4HFK_A_BD,-0.13651696840922067,3,5,1308.3909564573955,0,>10
4HRN_A_D_T20_1,4HRN_A_D,-0.33379077911376953,1,20,1587936.7691738163,0,>10
5M2O_A_B_T10_0,5M2O_A_B,0.6171780824661255,2,10,1.2921022112553735,1,1-2
5M2O_A_B_T40_2,5M2O_A_B,0.010697603225708674,2,40,19.21055022524827,0,>10
5TAR_A_B_T20_0,5TAR_A_B,1.4648582935333252,1,20,7.286571344430786,0,5-10
5TAR_A_B_T5_2,5TAR_A_B,1.287811517715454,1,5,0.816994620252557,1,<1
1A22_A_B_T10_2,1A22_A_B,-0.2502464119877134,7,10,1.42890181257192,1,1-2
1A22_A_B_T5_1,1A22_A_B,-0.2943215093442371,7,5,1.2079350320054372,1,1-2
1BP3_A_B_T10_0,1BP3_A_B,-0.4944154739379882,5,10,30615.305513963016,0,>10
1BP3_A_B_T40_2,1BP3_A_B,-0.10825090408325196,5,40,52202642.6067409,0,>10
1BRS_A_D_T20_0,1BRS_A_D,-2.1623525917530064,2,20,2.838220552474912,1,2-3
1BRS_A_D_T5_2,1BRS_A_D,-1.2334870398044586,2,5,1.0712591861058507,1,1-2
1E50_A_B_T0_0,1E50_A_B,-1.3279630839824674,2,0,1.3316565090839734e-06,1,<1
1E50_A_B_T40_1,1E50_A_B,1.2421352863311768,2,40,7.288254094944161,1,5-10
1EMV_A_B_T10_2,1EMV_A_B,0.4778940677642822,1,10,31392.72656680376,0,>10
1EMV_A_B_T5_1,1EMV_A_B,0.5717110633850098,1,5,1426.7055785993405,0,>10
1FCC_A_C_T10_0,1FCC_A_C,-0.44636058807373136,1,10,1.6923415477128212,1,1-2
1FCC_A_C_T40_2,1FCC_A_C,-2.551384925842285,1,40,30.39472005703104,0,>10
1GUA_A_B_T10_1,1GUA_A_B,-0.12514495849609375,1,10,2.1955412444713502,1,2-3
1GUA_A_B_T5_0,1GUA_A_B,0.19272303581237793,1,5,1.2664615450766312,1,1-2
1H9D_A_B_T20_1,1H9D_A_B,-0.6361747980117798,2,20,3.2095375928788497,1,3-5
1IAR_A_B_T0_0,1IAR_A_B,0.7584847211837769,1,0,6.867811509089473e-07,1,<1
1IAR_A_B_T40_1,1IAR_A_B,0.15242552757263095,1,40,53700219.50412194,0,>10
1K8R_A_B_T10_2,1K8R_A_B,1.3074145317077637,1,10,28378.64983884873,0,>10
1K8R_A_B_T5_1,1K8R_A_B,1.0128874778747559,1,5,1195.2201378787634,0,>10
1LFD_A_B_T10_0,1LFD_A_B,-0.7088100910186768,1,10,30473.23231755175,0,>10
1S1Q_A_B_T20_1,1S1Q_A_B,1.1765718460083012,1,20,1708322.670104841,0,>10
1VFB_AB_C_T10_0,1VFB_AB_C,0.7928318977355953,1,10,30463.95826231352,0,>10
1VFB_AB_C_T40_2,1VFB_AB_C,0.0811705589294438,1,40,52184881.50550071,0,>10
2A9K_A_B_T20_0,2A9K_A_B,-2.322588562965393,1,20,2.187316781768856,0,2-3
2A9K_A_B_T5_2,2A9K_A_B,0.782231330871582,1,5,1.7995910933717998,1,1-2
2GOX_A_B_T20_1,2GOX_A_B,0.30849170684814475,1,20,2.6563526642814392,0,2-3
2J0T_A_D_T0_0,2J0T_A_D,2.4611668586730957,1,0,1.14339935321731e-06,1,<1
2J0T_A_D_T40_1,2J0T_A_D,-0.5203320980072017,1,40,53411224.83478878,0,>10
2WPT_A_B_T10_2,2WPT_A_B,-0.47811488310496014,6,10,30460.55422527446,0,>10
2WPT_A_B_T5_1,2WPT_A_B,-0.3907677332560224,6,5,1412.4586986122308,0,>10
3BK3_A_C_T20_2,3BK3_A_C,1.073665380477905,1,20,2.599902444169256,1,2-3
3BT1_A_U_T10_0,3BT1_A_U,0.07661110162734963,4,10,1.2399695110242033,1,1-2
3BT1_A_U_T40_2,3BT1_A_U,-1.299846887588501,4,40,22.72881775945635,0,>10
3KUD_A_B_T10_1,3KUD_A_B,0.07841920852661222,1,10,1.5567390999925457,0,1-2
3KUD_A_B_T5_0,3KUD_A_B,-0.7402427196502686,1,5,0.909680858316524,0,<1
3LB6_A_C_T20_1,3LB6_A_C,-0.5975322723388676,1,20,1387316.4650590844,0,>10
3MZG_A_B_T0_0,3MZG_A_B,-0.4636310338973999,1,0,1.2754763567770122e-06,1,<1
3MZG_A_B_T40_1,3MZG_A_B,0.507962942123414,1,40,55482301.85303012,0,>10
3Q8D_A_E_T10_2,3Q8D_A_E,-2.492535352706909,1,10,2.031152528316928,0,2-3
3Q8D_A_E_T5_1,3Q8D_A_E,-1.486595869064331,1,5,1.599165921000622,0,1-2
3S9D_A_B_T20_2,3S9D_A_B,-0.13935959339141846,2,20,1654305.46650716,0,>10
3SE4_B_C_T10_0,3SE4_B_C,0.7213459014892578,1,10,32688.26744328552,0,>10
3SE4_B_C_T40_2,3SE4_B_C,-0.630567073822021,1,40,53434948.963667706,0,>10
4BFI_A_B_T10_1,4BFI_A_B,-0.15898291269938167,3,10,40189.74254547132,0,>10
4BFI_A_B_T5_0,4BFI_A_B,-0.16821622848510756,3,5,1881.187623524995,0,>10
4G0N_A_B_T0_0,4G0N_A_B,-1.2933404445648191,1,0,1.4193808926895431e-06,1,<1
4G0N_A_B_T40_1,4G0N_A_B,-0.14595842361450195,1,40,18.04020309700507,1,>10
4HFK_A_BD_T10_2,4HFK_A_BD,0.02135316530863444,3,10,29401.80913146769,0,>10
4HFK_A_BD_T5_1,4HFK_A_BD,-0.11765519777933757,3,5,1332.068097035379,0,>10
4HRN_A_D_T20_2,4HRN_A_D,0.07952642440795898,1,20,1591420.595079252,0,>10
5M2O_A_B_T10_1,5M2O_A_B,0.9963204860687256,2,10,1.6620394717842666,1,1-2
5M2O_A_B_T5_0,5M2O_A_B,0.6772748678922653,2,5,0.8784335080110209,1,<1
5TAR_A_B_T20_1,5TAR_A_B,-1.121121883392334,1,20,2.431744288601483,1,2-3
1A22_A_B_T20_0,1A22_A_B,0.2719900256821086,7,20,3.58729148451003,1,3-5
1A22_A_B_T5_2,1A22_A_B,-0.20844505514417375,7,5,1.347884327954007,1,1-2
1BP3_A_B_T10_1,1BP3_A_B,-0.24525547027587882,5,10,30500.7196692814,0,>10
1BP3_A_B_T5_0,1BP3_A_B,0.38117489814758293,5,5,1468.0426037045863,0,>10
1BRS_A_D_T20_1,1BRS_A_D,0.6230520606040956,2,20,3.638794827402586,1,3-5
1E50_A_B_T10_0,1E50_A_B,-0.8091397881507874,2,10,1.3018227519383287,1,1-2
1E50_A_B_T40_2,1E50_A_B,-1.834255367517471,2,40,17.79554347316008,1,>10
1EMV_A_B_T20_0,1EMV_A_B,0.45424628257751465,1,20,1793981.134091774,0,>10
1EMV_A_B_T5_2,1EMV_A_B,0.4503271579742423,1,5,1442.754979936093,0,>10
1FCC_A_C_T10_1,1FCC_A_C,-0.5655899047851562,1,10,1.5305951692501,1,1-2
1FCC_A_C_T5_0,1FCC_A_C,-0.7992653846740723,1,5,1.4549147349311575,1,1-2
1GUA_A_B_T10_2,1GUA_A_B,-0.573420286178588,1,10,1.3423919616704252,1,1-2
1GUA_A_B_T5_1,1GUA_A_B,0.38927698135375977,1,5,1.151958995795208,1,1-2
1H9D_A_B_T20_2,1H9D_A_B,0.29051867127418535,2,20,3.261320950044266,1,3-5
1IAR_A_B_T10_0,1IAR_A_B,-0.305067777633667,1,10,34827.725691995176,0,>10
1IAR_A_B_T40_2,1IAR_A_B,0.9612219333648682,1,40,51827315.29384766,0,>10
1K8R_A_B_T20_0,1K8R_A_B,1.4488487243652344,1,20,1614442.1583110355,0,>10
1K8R_A_B_T5_2,1K8R_A_B,0.6149821281433105,1,5,1218.2565526254084,0,>10
1LFD_A_B_T10_1,1LFD_A_B,-0.4194645881652832,1,10,29905.757225301564,0,>10
1LFD_A_B_T5_0,1LFD_A_B,-0.28426432609558105,1,5,1428.9731130382474,0,>10
1S1Q_A_B_T20_2,1S1Q_A_B,1.0020849704742432,1,20,1613409.97649712,0,>10
1VFB_AB_C_T10_1,1VFB_AB_C,0.9523191452026367,1,10,30998.623321786505,0,>10
1VFB_AB_C_T5_0,1VFB_AB_C,0.1862328052520752,1,5,1420.9095883199805,0,>10
2A9K_A_B_T20_1,2A9K_A_B,1.4194933772087097,1,20,2.861657172172078,1,2-3
2GOX_A_B_T20_2,2GOX_A_B,1.3568094968795776,1,20,4.960460281561949,0,3-5
2J0T_A_D_T10_0,2J0T_A_D,-0.5467584133148193,1,10,29119.74423050128,0,>10
2J0T_A_D_T40_2,2J0T_A_D,-0.645066499710083,1,40,50691224.36401125,0,>10
2WPT_A_B_T20_0,2WPT_A_B,-0.45861101150512673,6,20,1806235.4608152315,0,>10
2WPT_A_B_T5_2,2WPT_A_B,-0.3438499371210735,6,5,1428.396796819008,0,>10
3BK3_A_C_T40_0,3BK3_A_C,0.6661844253540039,1,40,18.83061594099728,0,>10
3BT1_A_U_T10_1,3BT1_A_U,-0.3922632634639741,4,10,1.6325389568508455,1,1-2
3BT1_A_U_T5_0,3BT1_A_U,-0.14160367846488964,4,5,0.7677329381814119,1,<1
3KUD_A_B_T10_2,3KUD_A_B,0.3018615245819092,1,10,1.623331047895581,0,1-2
3KUD_A_B_T5_1,3KUD_A_B,-0.8195109367370614,1,5,0.9872060921469512,0,<1
3LB6_A_C_T20_2,3LB6_A_C,-0.6880993843078613,1,20,1335924.1730119186,0,>10
3MZG_A_B_T10_0,3MZG_A_B,-0.8481159210205078,1,10,31547.686079221712,0,>10
3MZG_A_B_T40_2,3MZG_A_B,-0.4393136501312256,1,40,59264424.66897334,0,>10
3Q8D_A_E_T20_0,3Q8D_A_E,0.6368924379348755,1,20,5.39908100089424,0,5-10
3Q8D_A_E_T5_2,3Q8D_A_E,-1.4427869319915771,1,5,1.6711071849146415,0,1-2
3SE4_B_C_T10_1,3SE4_B_C,0.3307368755340572,1,10,33372.49432572897,0,>10
3SE4_B_C_T5_0,3SE4_B_C,0.5007545948028569,1,5,1571.6434846508785,0,>10
4BFI_A_B_T10_2,4BFI_A_B,0.61837895711263,3,10,39962.07432502614,0,>10
4BFI_A_B_T5_1,4BFI_A_B,0.02300572395324707,3,5,1879.827426781968,0,>10
4G0N_A_B_T10_0,4G0N_A_B,0.16157054901123047,1,10,1.7636176897588232,1,1-2
4G0N_A_B_T40_2,4G0N_A_B,-2.0693042278289795,1,40,13.37274289384916,1,>10
4HFK_A_BD_T20_0,4HFK_A_BD,-0.0611263116200765,3,20,1693666.1470317987,0,>10
4HFK_A_BD_T5_2,4HFK_A_BD,-0.09314441680908203,3,5,1335.794668352316,0,>10
4HRN_A_D_T40_0,4HRN_A_D,-0.20284438133239746,1,40,56960486.11782604,0,>10
5M2O_A_B_T10_2,5M2O_A_B,0.876731961965561,2,10,2.0894784423224,1,2-3
5M2O_A_B_T5_1,5M2O_A_B,0.8331497013568878,2,5,1.1438540717782235,1,1-2
5TAR_A_B_T20_2,5TAR_A_B,1.6409804821014413,1,20,2.319542940466434,1,2-3
1A22_A_B_T20_1,1A22_A_B,-1.7533568739891052,7,20,2.390408350846581,1,2-3
1BP3_A_B_T10_2,1BP3_A_B,0.3469157695770261,5,10,30603.946900366383,0,>10
1BP3_A_B_T5_1,1BP3_A_B,0.5756211280822754,5,5,1478.9437613097134,0,>10
1BRS_A_D_T20_2,1BRS_A_D,-0.6387333869934082,2,20,3.621947187709191,1,3-5
1E50_A_B_T10_1,1E50_A_B,-0.43863481283187866,2,10,1.534201270036584,1,1-2
1E50_A_B_T5_0,1E50_A_B,-0.2748260796070099,2,5,1.0503748101386083,1,1-2
1EMV_A_B_T20_1,1EMV_A_B,0.5382318496704106,1,20,1788824.5950709071,0,>10
1FCC_A_C_T10_2,1FCC_A_C,-1.2818245887756348,1,10,1.740877331226586,1,1-2
1FCC_A_C_T5_1,1FCC_A_C,-1.279358386993409,1,5,1.213603272129837,1,1-2
1GUA_A_B_T20_0,1GUA_A_B,0.6707639694213867,1,20,2.465029540754926,1,2-3
1GUA_A_B_T5_2,1GUA_A_B,-1.9289000034332275,1,5,1.382542346800396,1,1-2
1H9D_A_B_T40_0,1H9D_A_B,-0.004359245300292969,2,40,26.207873882017044,0,>10
1IAR_A_B_T10_1,1IAR_A_B,0.05993962287902832,1,10,34899.7691516135,0,>10
1IAR_A_B_T5_0,1IAR_A_B,-0.16637229919433594,1,5,1609.3798652127325,0,>10
1K8R_A_B_T20_1,1K8R_A_B,1.1135234832763672,1,20,1628857.392123561,0,>10
1LFD_A_B_T10_2,1LFD_A_B,-0.7141387462615962,1,10,29444.692074001505,0,>10
1LFD_A_B_T5_1,1LFD_A_B,-0.5392484664916992,1,5,1424.571229194327,0,>10
1S1Q_A_B_T40_0,1S1Q_A_B,1.3589861392974854,1,40,61974888.7087895,0,>10
1VFB_AB_C_T10_2,1VFB_AB_C,1.895777940750122,1,10,30484.644185820674,0,>10
1VFB_AB_C_T5_1,1VFB_AB_C,1.9081335067749028,1,5,1403.1966702477705,0,>10
2A9K_A_B_T20_2,2A9K_A_B,0.6277362108230586,1,20,2.235777003671211,1,2-3
2GOX_A_B_T40_0,2GOX_A_B,0.22130846977233842,1,40,26.79221288467002,0,>10
2J0T_A_D_T10_1,2J0T_A_D,-1.6153779029846191,1,10,27542.17736263087,0,>10
2J0T_A_D_T5_0,2J0T_A_D,-1.4213628768920903,1,5,1237.9164817304154,0,>10
2WPT_A_B_T20_1,2WPT_A_B,-0.2985101143519085,6,20,1894930.5921551413,0,>10
3BK3_A_C_T0_0,3BK3_A_C,-0.1499766260385514,1,0,2.316533344728339e-06,1,<1
3BK3_A_C_T40_1,3BK3_A_C,1.14939546585083,1,40,17.5499412209991,0,>10
3BT1_A_U_T10_2,3BT1_A_U,-0.544638380408287,4,10,1.6956570824081103,1,1-2
3BT1_A_U_T5_1,3BT1_A_U,0.3052252531051637,4,5,1.0526786715652785,1,1-2
3KUD_A_B_T20_0,3KUD_A_B,-3.126697063446045,1,20,2.524582430271465,0,2-3
3KUD_A_B_T5_2,3KUD_A_B,-0.3342125415802002,1,5,1.102720998776154,0,1-2
3LB6_A_C_T40_0,3LB6_A_C,-0.9871654510498038,1,40,52609753.78001316,0,>10
3MZG_A_B_T10_1,3MZG_A_B,-0.9086489677429199,1,10,31617.30575177361,0,>10
3MZG_A_B_T5_0,3MZG_A_B,-0.14893412590026855,1,5,1464.604233978801,0,>10
3Q8D_A_E_T20_1,3Q8D_A_E,1.5780100822448733,1,20,4.121152853609779,0,3-5
3S9D_A_B_T0_0,3S9D_A_B,-0.953421398997307,2,0,1.9189691271221647e-06,1,<1
3S9D_A_B_T40_1,3S9D_A_B,-0.08750718832015991,2,40,48127359.48472039,0,>10
3SE4_B_C_T10_2,3SE4_B_C,0.6144335269927979,1,10,32267.404830245738,0,>10
3SE4_B_C_T5_1,3SE4_B_C,-0.5299959182739249,1,5,1554.9779292855856,0,>10
4BFI_A_B_T20_0,4BFI_A_B,-0.455974022547404,3,20,1958397.8684867776,0,>10
4BFI_A_B_T5_2,4BFI_A_B,0.4333958625793457,3,5,1923.620371094013,0,>10
4G0N_A_B_T10_1,4G0N_A_B,-0.8354842662811275,1,10,1.4021948467600154,1,1-2
4G0N_A_B_T5_0,4G0N_A_B,-1.3607087135314941,1,5,1.500068533950974,1,1-2
4HFK_A_BD_T20_1,4HFK_A_BD,0.08804082870483428,3,20,1641255.5814687635,0,>10
4HRN_A_D_T0_0,4HRN_A_D,1.6198946237564087,1,0,9.159584047784116e-07,1,<1
5M2O_A_B_T20_0,5M2O_A_B,-1.0502203702926636,2,20,4.506288524561124,1,3-5
5M2O_A_B_T5_2,5M2O_A_B,0.7818358242511749,2,5,0.9595855859974844,1,<1
5TAR_A_B_T40_0,5TAR_A_B,3.0376436710357666,1,40,29.70146018125058,0,>10
1A22_A_B_T20_2,1A22_A_B,-0.13853617438248259,7,20,3.309325297443054,1,3-5
1BP3_A_B_T20_0,1BP3_A_B,-0.24595603942871086,5,20,1555829.6161554516,0,>10
1BP3_A_B_T5_2,1BP3_A_B,0.011000728607177735,5,5,1480.7160835993452,0,>10
1BRS_A_D_T40_0,1BRS_A_D,-1.3574818372726438,2,40,22.378604116529623,1,>10
1E50_A_B_T10_2,1E50_A_B,-1.0005448460578918,2,10,1.5673264367406876,1,1-2
1E50_A_B_T5_1,1E50_A_B,-0.32496821880340576,2,5,1.101512488913421,1,1-2
1EMV_A_B_T20_2,1EMV_A_B,0.541195392608643,1,20,1667020.1523952675,0,>10
1FCC_A_C_T20_0,1FCC_A_C,0.5566756725311279,1,20,2.1886695253748747,1,2-3
1FCC_A_C_T5_2,1FCC_A_C,-0.7686476707458496,1,5,1.2584401139600323,1,1-2
1GUA_A_B_T20_1,1GUA_A_B,0.5110049247741699,1,20,2.233090498059345,1,2-3
1H9D_A_B_T0_0,1H9D_A_B,-0.3096785619854927,2,0,5.160004552959427e-06,1,<1
1H9D_A_B_T40_1,1H9D_A_B,-1.5833772309124474,2,40,18.812891837633625,0,>10
1IAR_A_B_T10_2,1IAR_A_B,0.2851407527923584,1,10,33314.79129995514,0,>10
1IAR_A_B_T5_1,1IAR_A_B,-0.7472569942474365,1,5,1613.077164295535,0,>10
1K8R_A_B_T20_2,1K8R_A_B,1.5103237628936768,1,20,1562839.3351532398,0,>10
1LFD_A_B_T20_0,1LFD_A_B,0.7995877265930171,1,20,1762771.0714212111,0,>10
1LFD_A_B_T5_2,1LFD_A_B,-0.9081466197967529,1,5,1455.629726041018,0,>10
1S1Q_A_B_T0_0,1S1Q_A_B,-1.418090581893921,1,0,2.6863094759575434e-06,1,<1
1S1Q_A_B_T40_1,1S1Q_A_B,0.9970173835754395,1,40,59880831.869613655,0,>10
1VFB_AB_C_T20_0,1VFB_AB_C,-0.21411633491516113,1,20,1710875.2859146928,0,>10
1VFB_AB_C_T5_2,1VFB_AB_C,0.1063072681427002,1,5,1406.5972931709866,0,>10
2A9K_A_B_T40_0,2A9K_A_B,-1.1566886901855469,1,40,13.288459944427508,0,>10
2GOX_A_B_T0_0,2GOX_A_B,-0.5673728585243225,1,0,1.1804897412591484e-06,1,<1
2GOX_A_B_T40_1,2GOX_A_B,-0.029628753662109375,1,40,19.678587978466503,0,>10
2J0T_A_D_T10_2,2J0T_A_D,-0.8691949844360352,1,10,27079.190445579272,0,>10
2J0T_A_D_T5_1,2J0T_A_D,-0.44189023971557617,1,5,1194.5815539955097,0,>10
2WPT_A_B_T20_2,2WPT_A_B,-0.24836222330729174,6,20,1681980.7316561306,0,>10
3BK3_A_C_T10_0,3BK3_A_C,0.5315408706665041,1,10,1.1454683236536185,1,1-2
3BK3_A_C_T40_2,3BK3_A_C,-2.2879189252853394,1,40,21.009555931430903,0,>10
3BT1_A_U_T20_0,3BT1_A_U,-0.41999059915542625,4,20,4.419024472406002,1,3-5
3BT1_A_U_T5_2,3BT1_A_U,0.047078564763069264,4,5,1.018532169782561,1,1-2
3KUD_A_B_T20_1,3KUD_A_B,-2.0254082679748535,1,20,2.67864043164605,0,2-3
3LB6_A_C_T0_0,3LB6_A_C,1.924415409564972,1,0,1.03236343423005e-06,1,<1
3LB6_A_C_T40_1,3LB6_A_C,-0.48253607749938965,1,40,48856247.86194823,0,>10
3MZG_A_B_T10_2,3MZG_A_B,-1.5490984916687012,1,10,31699.82437403632,0,>10
3MZG_A_B_T5_1,3MZG_A_B,0.5906598567962646,1,5,1458.3197739699126,0,>10
3Q8D_A_E_T20_2,3Q8D_A_E,-2.039675235748291,1,20,2.061800018829981,0,2-3
3S9D_A_B_T10_0,3S9D_A_B,0.6544488668441772,2,10,33483.80956316613,0,>10
3S9D_A_B_T40_2,3S9D_A_B,0.5667222738265991,2,40,50486495.39457316,0,>10
3SE4_B_C_T20_0,3SE4_B_C,-0.6987879276275635,1,20,1703319.2626224204,0,>10
3SE4_B_C_T5_2,3SE4_B_C,-0.35997891426086426,1,5,1523.2422385923792,0,>10
4BFI_A_B_T20_1,4BFI_A_B,0.45222290356953937,3,20,1975730.65121753,0,>10
4G0N_A_B_T10_2,4G0N_A_B,-0.5400030612945557,1,10,2.17378129592624,1,2-3
4G0N_A_B_T5_1,4G0N_A_B,-0.1132042407989502,1,5,1.0267824165947206,1,1-2
4HFK_A_BD_T20_2,4HFK_A_BD,0.5418268044789629,3,20,1668532.4511642426,0,>10
4HRN_A_D_T10_0,4HRN_A_D,-0.047980308532714844,1,10,25649.576326489427,0,>10
4HRN_A_D_T40_2,4HRN_A_D,-0.22420620918273926,1,40,59938369.68196037,0,>10
5M2O_A_B_T20_1,5M2O_A_B,0.12671205401420615,2,20,2.9692188069247774,1,2-3
5TAR_A_B_T0_0,5TAR_A_B,2.4041659832000732,1,0,3.1097480638364154e-06,1,<1
5TAR_A_B_T40_1,5TAR_A_B,0.3184390068054199,1,40,23.344968491406423,0,>10
1A22_A_B_T40_0,1A22_A_B,-0.9429504105022976,7,40,14.424502370745572,1,>10
1BP3_A_B_T20_1,1BP3_A_B,0.27316555976867674,5,20,1574219.041955598,0,>10
1BRS_A_D_T0_0,1BRS_A_D,-0.7593736574053764,2,0,1.281193010312204e-06,1,<1
1BRS_A_D_T40_1,1BRS_A_D,-1.0110256075859072,2,40,20.013773498245865,1,>10
1E50_A_B_T20_0,1E50_A_B,0.591745138168335,2,20,2.465259735341756,1,2-3
1E50_A_B_T5_2,1E50_A_B,-0.202717825770378,2,5,0.9264839816509371,1,<1
1EMV_A_B_T40_0,1EMV_A_B,0.6278595924377441,1,40,60353967.926742494,0,>10
1FCC_A_C_T20_1,1FCC_A_C,-0.6030230522155753,1,20,3.2123562697521097,0,3-5
1GUA_A_B_T20_2,1GUA_A_B,-0.05918478965759277,1,20,1.899722121970684,1,1-2
1H9D_A_B_T10_0,1H9D_A_B,-0.4348496347665787,2,10,1.467787387798026,1,1-2
1H9D_A_B_T40_2,1H9D_A_B,0.123191237449646,2,40,22.613778470185583,1,>10
1IAR_A_B_T20_0,1IAR_A_B,1.0439374446868896,1,20,1820254.4942560848,0,>10
1IAR_A_B_T5_2,1IAR_A_B,-0.592940092086792,1,5,1603.5079087972315,0,>10
1K8R_A_B_T40_0,1K8R_A_B,1.041717767715454,1,40,61712302.01549712,0,>10
1LFD_A_B_T20_1,1LFD_A_B,-0.6778714656829834,1,20,1720280.1582250232,0,>10
1S1Q_A_B_T10_0,1S1Q_A_B,1.4372370243072505,1,10,29275.22328185352,0,>10
1VFB_AB_C_T20_1,1VFB_AB_C,1.2430152893066406,1,20,1665150.0583615927,0,>10
2A9K_A_B_T0_0,2A9K_A_B,0.38141316175460815,1,0,5.885880769554696e-07,1,<1
2A9K_A_B_T40_1,2A9K_A_B,-2.341762185096741,1,40,35.07660959482223,0,>10
2GOX_A_B_T10_0,2GOX_A_B,0.23961114883422852,1,10,1.4182180864757497,1,1-2
2GOX_A_B_T40_2,2GOX_A_B,-1.03030276298523,1,40,33.33955020661665,1,>10
2J0T_A_D_T20_0,2J0T_A_D,-1.0945570468902588,1,20,1525073.05873486,0,>10
2J0T_A_D_T5_2,2J0T_A_D,-0.8856539726257324,1,5,1269.0349019433108,0,>10
2WPT_A_B_T40_0,2WPT_A_B,-0.36646823088328023,6,40,64340335.15269647,0,>10
3BK3_A_C_T10_1,3BK3_A_C,2.7957094907760616,1,10,1.3331217060962577,1,1-2
3BK3_A_C_T5_0,3BK3_A_C,1.4342652559280396,1,5,1.3536752609058589,1,1-2
3BT1_A_U_T20_1,3BT1_A_U,-0.28297454118728627,4,20,3.763982386409205,1,3-5
3KUD_A_B_T20_2,3KUD_A_B,1.9479184150695805,1,20,3.59351970813026,0,3-5
3LB6_A_C_T10_0,3LB6_A_C,-0.4775044918060303,1,10,24701.917354917,0,>10
3LB6_A_C_T40_2,3LB6_A_C,-0.7084534168243408,1,40,49653668.7773539,0,>10
3MZG_A_B_T20_0,3MZG_A_B,0.2449746131896977,1,20,1835670.9012384664,0,>10
3MZG_A_B_T5_2,3MZG_A_B,-0.23420238494873002,1,5,1443.1738442664212,0,>10
3Q8D_A_E_T40_0,3Q8D_A_E,1.0210428237915035,1,40,25.093878405029614,0,>10
3S9D_A_B_T10_1,3S9D_A_B,0.7597193419933319,2,10,32340.599632031142,0,>10
3S9D_A_B_T5_0,3S9D_A_B,0.19588875770568848,2,5,1586.713720534494,0,>10
3SE4_B_C_T20_1,3SE4_B_C,0.009312629699707031,1,20,1694530.3764587406,0,>10
4BFI_A_B_T20_2,4BFI_A_B,-0.6066108544667559,3,20,2018554.3636836165,0,>10
4G0N_A_B_T20_0,4G0N_A_B,0.22274875640869118,1,20,1.3016619199983173,1,1-2
4G0N_A_B_T5_2,4G0N_A_B,-0.29734349250793457,1,5,1.1732082780536714,1,1-2
4HFK_A_BD_T40_0,4HFK_A_BD,1.157431403795878,3,40,55089704.82017487,0,>10
4HRN_A_D_T10_1,4HRN_A_D,-0.30635094642639205,1,10,26082.92488642103,0,>10
4HRN_A_D_T5_0,4HRN_A_D,0.6713306903839111,1,5,1156.4874898419723,0,>10
5M2O_A_B_T20_2,5M2O_A_B,-0.1339786648750304,2,20,2.538824327728608,1,2-3
5TAR_A_B_T10_0,5TAR_A_B,1.8169338703155518,1,10,0.9937422517317892,1,<1
5TAR_A_B_T40_2,5TAR_A_B,-0.4140505790710449,1,40,18.660938825294565,0,>10
