complex_id,chain,resnum,aa,nearest_tgt_cb,n_5A,n_6A,n_8A,n_10A,n_12A
1A22_A_B,B,11,R,7.12,0,0,1,3,7
1A22_A_B,B,12,E,5.34,0,1,2,3,7
1A22_A_B,B,60,T,6.46,0,0,1,3,5
1A22_A_B,B,62,I,5.87,0,1,2,10,13
1AK4_A_D,D,85,P,4.86,1,1,1,6,8
1BP3_A_B,A,25,F,6.86,0,0,1,2,6
1BP3_A_B,A,164,K,5.64,0,1,1,6,9
1BP3_A_B,A,174,R,5.8,0,1,3,5,11
1BRS_A_D,D,42,T,5.85,0,1,3,6,15
1BRS_A_D,D,74,E,8.4,0,0,0,2,3
1C1Y_A_B,B,13,R,4.99,1,1,3,5,10
1C1Y_A_B,B,15,V,4.06,2,2,3,6,11
1E50_A_B,A,51,N,4.01,1,1,2,3,8
1E50_A_B,A,91,T,4.49,1,1,4,8,16
1EMV_A_B,A,32,V,5.96,0,1,3,8,13
1EMV_A_B,A,35,V,6.68,0,0,2,6,12
1EMV_A_B,A,47,G,4.26,1,1,2,6,8
1FC2_C_D,C,27,I,5.87,0,1,4,4,7
1FCC_A_C,C,35,N,5.21,0,2,4,6,9
1FFW_A_B,B,56,F,4.83,1,1,5,13,20
1GUA_A_B,A,39,S,5.15,0,2,4,8,13
1H9D_A_B,B,60,G,3.28,3,4,9,16,22
1H9D_A_B,B,94,N,4.54,2,2,6,10,17
1IAR_A_B,A,5,I,4.93,1,1,4,10,19
1IAR_A_B,A,89,N,4.98,1,3,3,4,9
1K8R_A_B,A,33,D,8.36,0,0,0,3,7
1K8R_A_B,A,38,D,4.81,1,1,5,9,16
1LFD_A_B,A,5,I,5.67,0,1,3,5,9
1LFD_A_B,A,19,K,4.56,1,1,2,9,14
1S1Q_A_B,A,43,N,4.22,1,2,5,12,18
1UUZ_A_D,A,62,H,3.99,1,2,6,14,21
1VFB_AB_C,C,121,Q,6.79,0,0,5,8,17
1VFB_AB_C,C,125,R,6.26,0,0,2,3,8
2A9K_A_B,B,65,E,4.5,1,1,2,5,8
2GOX_A_B,B,38,N,4.8,2,2,5,12,21
2J0T_A_D,D,66,M,6.28,0,0,2,8,16
2J0T_A_D,D,68,S,3.82,1,3,7,17,29
2WPT_A_B,A,27,E,4.46,1,1,3,10,15
2WPT_A_B,A,38,E,8.72,0,0,0,3,5
2WPT_A_B,A,47,S,5.5,0,2,4,8,16
2WPT_A_B,A,48,D,4.6,1,1,2,6,11
3BK3_A_C,C,28,I,5.83,0,1,3,5,9
3BT1_A_U,U,55,L,6.16,0,0,3,3,5
3BT1_A_U,U,148,L,5.77,0,1,1,2,4
3BT1_A_U,U,164,H,8.12,0,0,0,1,2
3KUD_A_B,B,30,K,8.17,0,0,0,1,9
3LB6_A_C,A,100,K,5.84,0,1,7,11,15
3MZG_A_B,B,188,H,6.34,0,0,5,8,18
3Q8D_A_E,A,131,R,10.51,0,0,0,0,1
3S9D_A_B,A,26,R,4.29,1,2,4,9,12
3S9D_A_B,A,119,M,6.36,0,0,2,8,14
3SE4_B_C,B,31,L,6.56,0,0,4,10,18
4BFI_A_B,B,43,N,2.76,1,2,5,9,13
4BFI_A_B,B,91,L,5.38,0,1,2,4,9
4G0N_A_B,A,37,E,4.16,1,1,4,7,14
4HFK_A_BD,B,45,L,6.97,0,0,4,9,17
4HFK_A_BD,B,46,E,5.34,0,2,6,13,21
4HRN_A_D,D,17,L,4.89,1,1,3,12,20
4HRN_A_D,D,47,F,6.12,0,0,2,6,14
5M2O_A_B,B,17,I,4.43,2,4,7,13,26
5M2O_A_B,B,21,V,4.7,2,4,8,13,26
5TAR_A_B,B,86,E,6.28,0,0,2,5,5
