analysis,n_pairs,n_complexes,mean,lo,hi,boot_sd,n_boot,seed,order_gap_sd,order_gap_min,order_gap_max,mean_d_rsasa,mean_d_nbr,unconditional_mean,recovery_hot,recovery_null,n_hot,n_nonhot,rsasa_hot,rsasa_null,raw_spearman,partial_p,command,mpnn_ckpt,n_orders
PRIMARY_loose_null,38,25,0.6445163130526315,0.19907578723382352,1.0503744328593674,0.2181979737156154,10000.0,20260803.0,0.08526183190625526,0.5613089729296533,0.8457181716435834,0.000314455084793751,-0.05263157894736842,0.9161736515789473,,,,,,,,,python3 src/p0_burial_matched.py --data-dir /scratch/users/cbertsch/ftax/expD --only-complexes results/pair_complexes.txt --mpnn-weights /scratch/users/cbertsch/ftax/ProteinMPNN/vanilla_model_weights/v_48_020.pt --out /scratch/users/cbertsch/ftax/expD/expD_p0,v_48_020.pt,8
PRIMARY_loose_null_T293_303,35,23,0.7982771110285714,0.3376090871916667,1.233637616751158,0.22905504600385523,10000.0,20260803.0,0.08346307096577582,0.7009406988109861,0.9884438203913825,0.0009147081668819471,-0.02857142857142857,1.084931691142857,,,,,,,,,python3 src/p0_burial_matched.py --data-dir /scratch/users/cbertsch/ftax/expD --only-complexes results/pair_complexes.txt --mpnn-weights /scratch/users/cbertsch/ftax/ProteinMPNN/vanilla_model_weights/v_48_020.pt --out /scratch/users/cbertsch/ftax/expD/expD_p0,v_48_020.pt,8
strict_hot2_null,13,11,0.2624468484615385,-0.7446014651093751,1.2553695924545443,0.5171531017052399,10000.0,20260803.0,0.1825139892020363,0.01640619222934426,0.5548497094557836,-0.00466865357310056,-0.07692307692307693,0.5182391676923076,,,,,,,,,python3 src/p0_burial_matched.py --data-dir /scratch/users/cbertsch/ftax/expD --only-complexes results/pair_complexes.txt --mpnn-weights /scratch/users/cbertsch/ftax/ProteinMPNN/vanilla_model_weights/v_48_020.pt --out /scratch/users/cbertsch/ftax/expD/expD_p0,v_48_020.pt,8
SECONDARY_A_measured_nonhot,87,42,0.3619303605287357,0.008972665996547575,0.7076717212773818,0.18029367500998966,10000.0,20260803.0,0.05561938702540518,0.3047387507455102,0.4751710654503998,-0.0017966923594201678,0.04597701149425287,0.436519532,,,,,,,,,python3 src/p0_burial_matched.py --data-dir /scratch/users/cbertsch/ftax/expD --only-complexes results/pair_complexes.txt --mpnn-weights /scratch/users/cbertsch/ftax/ProteinMPNN/vanilla_model_weights/v_48_020.pt --out /scratch/users/cbertsch/ftax/expD/expD_p0,v_48_020.pt,8
SECONDARY_B_any_interface,326,120,-0.15430524327607364,-0.3306073830367804,0.016431350782753294,0.08760681278598646,10000.0,20260803.0,0.052600460908001974,-0.21105615458696897,-0.05297100866224868,0.0010047012938662436,0.13496932515337423,-0.14273173666871164,,,,,,,,,python3 src/p0_burial_matched.py --data-dir /scratch/users/cbertsch/ftax/expD --only-complexes results/pair_complexes.txt --mpnn-weights /scratch/users/cbertsch/ftax/ProteinMPNN/vanilla_model_weights/v_48_020.pt --out /scratch/users/cbertsch/ftax/expD/expD_p0,v_48_020.pt,8
AAMATCHED_any_interface,38,30,-0.3302626318157894,-0.8140570227767857,0.18796040416417473,0.252681393140941,10000.0,20260803.0,0.07843050425248016,-0.45466170067849915,-0.23204928989473148,0.0028932621360379224,0.0,-0.280063494736842,,,,,,,,,python3 src/p0_burial_matched.py --data-dir /scratch/users/cbertsch/ftax/expD --only-complexes results/pair_complexes.txt --mpnn-weights /scratch/users/cbertsch/ftax/ProteinMPNN/vanilla_model_weights/v_48_020.pt --out /scratch/users/cbertsch/ftax/expD/expD_p0,v_48_020.pt,8
HYDROMATCHED_any_interface,163,84,-0.05754549538650307,-0.29940217941228436,0.18674725625501315,0.12409909218130753,10000.0,20260803.0,0.04415814150145997,-0.13179686377567748,0.016826863989142543,-0.0013625639428279492,0.04294478527607362,-0.005672658871165647,,,,,,,,,python3 src/p0_burial_matched.py --data-dir /scratch/users/cbertsch/ftax/expD --only-complexes results/pair_complexes.txt --mpnn-weights /scratch/users/cbertsch/ftax/ProteinMPNN/vanilla_model_weights/v_48_020.pt --out /scratch/users/cbertsch/ftax/expD/expD_p0,v_48_020.pt,8
SENS_nbr_tol2_any_interface,396,124,-0.12199689781818186,-0.3157707409584076,0.05907319268696851,0.09594662754815969,10000.0,20260803.0,0.044166801207901035,-0.16569490550142346,-0.024794908334510497,0.00014762926514884508,0.12626262626262627,-0.11582188869444446,,,,,,,,,python3 src/p0_burial_matched.py --data-dir /scratch/users/cbertsch/ftax/expD --only-complexes results/pair_complexes.txt --mpnn-weights /scratch/users/cbertsch/ftax/ProteinMPNN/vanilla_model_weights/v_48_020.pt --out /scratch/users/cbertsch/ftax/expD/expD_p0,v_48_020.pt,8
UNCONTROLLED_PROBIDNET_strict_vs_all_other_iface,5996,140,-0.036957388283543,,,,,,,,,,,,0.44876325088339225,0.4045160161036233,283.0,5713.0,0.09658244587637292,0.1754444408149742,,,python3 src/p0_burial_matched.py --data-dir /scratch/users/cbertsch/ftax/expD --only-complexes results/pair_complexes.txt --mpnn-weights /scratch/users/cbertsch/ftax/ProteinMPNN/vanilla_model_weights/v_48_020.pt --out /scratch/users/cbertsch/ftax/expD/expD_p0,v_48_020.pt,8
UNCONTROLLED_strict_vs_measured_nonhot_iface,844,140,0.1723027494836522,,,,,,,,,,,,0.44876325088339225,0.33511586452762926,283.0,561.0,0.09658244587637292,0.19430585398733952,,,python3 src/p0_burial_matched.py --data-dir /scratch/users/cbertsch/ftax/expD --only-complexes results/pair_complexes.txt --mpnn-weights /scratch/users/cbertsch/ftax/ProteinMPNN/vanilla_model_weights/v_48_020.pt --out /scratch/users/cbertsch/ftax/expD/expD_p0,v_48_020.pt,8
UNCONTROLLED_loose_vs_null_iface,790,140,0.20286190856666453,,,,,,,,,,,,0.41442953020134227,0.3247422680412371,596.0,194.0,0.11214258963088179,0.21514535667042087,,,python3 src/p0_burial_matched.py --data-dir /scratch/users/cbertsch/ftax/expD --only-complexes results/pair_complexes.txt --mpnn-weights /scratch/users/cbertsch/ftax/ProteinMPNN/vanilla_model_weights/v_48_020.pt --out /scratch/users/cbertsch/ftax/expD/expD_p0,v_48_020.pt,8
F1_all_single,4186,140,-0.10859675463626338,,,,,,,,,,,,,,,,,,-0.16479131024019744,1.8562283562755054e-12,python3 src/p0_burial_matched.py --data-dir /scratch/users/cbertsch/ftax/expD --only-complexes results/pair_complexes.txt --mpnn-weights /scratch/users/cbertsch/ftax/ProteinMPNN/vanilla_model_weights/v_48_020.pt --out /scratch/users/cbertsch/ftax/expD/expD_p0,v_48_020.pt,8
F1_interface_only,2772,133,-0.17654481103709493,,,,,,,,,,,,,,,,,,-0.20331664004990446,7.641163717713095e-21,python3 src/p0_burial_matched.py --data-dir /scratch/users/cbertsch/ftax/expD --only-complexes results/pair_complexes.txt --mpnn-weights /scratch/users/cbertsch/ftax/ProteinMPNN/vanilla_model_weights/v_48_020.pt --out /scratch/users/cbertsch/ftax/expD/expD_p0,v_48_020.pt,8
F1_interface_T293_303,2640,127,-0.18646295925471332,,,,,,,,,,,,,,,,,,-0.2152233642218011,4.4175893253485985e-22,python3 src/p0_burial_matched.py --data-dir /scratch/users/cbertsch/ftax/expD --only-complexes results/pair_complexes.txt --mpnn-weights /scratch/users/cbertsch/ftax/ProteinMPNN/vanilla_model_weights/v_48_020.pt --out /scratch/users/cbertsch/ftax/expD/expD_p0,v_48_020.pt,8
CAUSAL_pair_d_buried_polar,326,120,-0.12914147410522306,,,,,,,,,,,,,,,,,,,0.019672876711201166,python3 src/p0_burial_matched.py --data-dir /scratch/users/cbertsch/ftax/expD --only-complexes results/pair_complexes.txt --mpnn-weights /scratch/users/cbertsch/ftax/ProteinMPNN/vanilla_model_weights/v_48_020.pt --out /scratch/users/cbertsch/ftax/expD/expD_p0,v_48_020.pt,8
CAUSAL_pair_d_unsat_polar,326,120,0.024519026365892215,,,,,,,,,,,,,,,,,,,0.65916349122353,python3 src/p0_burial_matched.py --data-dir /scratch/users/cbertsch/ftax/expD --only-complexes results/pair_complexes.txt --mpnn-weights /scratch/users/cbertsch/ftax/ProteinMPNN/vanilla_model_weights/v_48_020.pt --out /scratch/users/cbertsch/ftax/expD/expD_p0,v_48_020.pt,8
CAUSAL_pair_d_chi1_strain,265,112,0.06280903803247398,,,,,,,,,,,,,,,,,,,0.30837877955938553,python3 src/p0_burial_matched.py --data-dir /scratch/users/cbertsch/ftax/expD --only-complexes results/pair_complexes.txt --mpnn-weights /scratch/users/cbertsch/ftax/ProteinMPNN/vanilla_model_weights/v_48_020.pt --out /scratch/users/cbertsch/ftax/expD/expD_p0,v_48_020.pt,8
CAUSAL_pair_d_bfac_z,326,120,-0.057247538514757154,,,,,,,,,,,,,,,,,,,0.30277242585886255,python3 src/p0_burial_matched.py --data-dir /scratch/users/cbertsch/ftax/expD --only-complexes results/pair_complexes.txt --mpnn-weights /scratch/users/cbertsch/ftax/ProteinMPNN/vanilla_model_weights/v_48_020.pt --out /scratch/users/cbertsch/ftax/expD/expD_p0,v_48_020.pt,8
CAUSAL_pair_d_gnm,326,120,0.0071674799000740344,,,,,,,,,,,,,,,,,,,0.8974234953245293,python3 src/p0_burial_matched.py --data-dir /scratch/users/cbertsch/ftax/expD --only-complexes results/pair_complexes.txt --mpnn-weights /scratch/users/cbertsch/ftax/ProteinMPNN/vanilla_model_weights/v_48_020.pt --out /scratch/users/cbertsch/ftax/expD/expD_p0,v_48_020.pt,8
CAUSAL_jointOLS_d_buried_polar,265,112,-0.00935279718809906,-0.1968788775177373,0.17817328314153918,,,,,,,,,,,,,,,,,,python3 src/p0_burial_matched.py --data-dir /scratch/users/cbertsch/ftax/expD --only-complexes results/pair_complexes.txt --mpnn-weights /scratch/users/cbertsch/ftax/ProteinMPNN/vanilla_model_weights/v_48_020.pt --out /scratch/users/cbertsch/ftax/expD/expD_p0,v_48_020.pt,8
CAUSAL_jointOLS_d_unsat_polar,265,112,0.02792799901510281,-0.15980099873206255,0.21565699676226818,,,,,,,,,,,,,,,,,,python3 src/p0_burial_matched.py --data-dir /scratch/users/cbertsch/ftax/expD --only-complexes results/pair_complexes.txt --mpnn-weights /scratch/users/cbertsch/ftax/ProteinMPNN/vanilla_model_weights/v_48_020.pt --out /scratch/users/cbertsch/ftax/expD/expD_p0,v_48_020.pt,8
CAUSAL_jointOLS_d_chi1_strain,265,112,0.2408785907830496,0.05297895036472636,0.4287782312013728,,,,,,,,,,,,,,,,,,python3 src/p0_burial_matched.py --data-dir /scratch/users/cbertsch/ftax/expD --only-complexes results/pair_complexes.txt --mpnn-weights /scratch/users/cbertsch/ftax/ProteinMPNN/vanilla_model_weights/v_48_020.pt --out /scratch/users/cbertsch/ftax/expD/expD_p0,v_48_020.pt,8
CAUSAL_jointOLS_d_bfac_z,265,112,0.23674625673547278,0.04073487082629504,0.43275764264465055,,,,,,,,,,,,,,,,,,python3 src/p0_burial_matched.py --data-dir /scratch/users/cbertsch/ftax/expD --only-complexes results/pair_complexes.txt --mpnn-weights /scratch/users/cbertsch/ftax/ProteinMPNN/vanilla_model_weights/v_48_020.pt --out /scratch/users/cbertsch/ftax/expD/expD_p0,v_48_020.pt,8
CAUSAL_jointOLS_d_gnm,265,112,0.21216022862789036,0.017972584897866017,0.4063478723579147,,,,,,,,,,,,,,,,,,python3 src/p0_burial_matched.py --data-dir /scratch/users/cbertsch/ftax/expD --only-complexes results/pair_complexes.txt --mpnn-weights /scratch/users/cbertsch/ftax/ProteinMPNN/vanilla_model_weights/v_48_020.pt --out /scratch/users/cbertsch/ftax/expD/expD_p0,v_48_020.pt,8
CAUSAL_pos_buried_polar_frac,5996,140,-0.008341622455163615,,,,,,,,,,,,,,,,,,,0.5184085993572192,python3 src/p0_burial_matched.py --data-dir /scratch/users/cbertsch/ftax/expD --only-complexes results/pair_complexes.txt --mpnn-weights /scratch/users/cbertsch/ftax/ProteinMPNN/vanilla_model_weights/v_48_020.pt --out /scratch/users/cbertsch/ftax/expD/expD_p0,v_48_020.pt,8
CAUSAL_pos_n_unsat_bur_polar,5996,140,-0.009789565047506466,,,,,,,,,,,,,,,,,,,0.44850860318949637,python3 src/p0_burial_matched.py --data-dir /scratch/users/cbertsch/ftax/expD --only-complexes results/pair_complexes.txt --mpnn-weights /scratch/users/cbertsch/ftax/ProteinMPNN/vanilla_model_weights/v_48_020.pt --out /scratch/users/cbertsch/ftax/expD/expD_p0,v_48_020.pt,8
CAUSAL_pos_chi1_strain,5329,140,-0.08160894440229756,,,,,,,,,,,,,,,,,,,2.431278756249925e-09,python3 src/p0_burial_matched.py --data-dir /scratch/users/cbertsch/ftax/expD --only-complexes results/pair_complexes.txt --mpnn-weights /scratch/users/cbertsch/ftax/ProteinMPNN/vanilla_model_weights/v_48_020.pt --out /scratch/users/cbertsch/ftax/expD/expD_p0,v_48_020.pt,8
CAUSAL_pos_bfac_z,5996,140,0.2785390739382548,,,,,,,,,,,,,,,,,,,2.8379218359769753e-107,python3 src/p0_burial_matched.py --data-dir /scratch/users/cbertsch/ftax/expD --only-complexes results/pair_complexes.txt --mpnn-weights /scratch/users/cbertsch/ftax/ProteinMPNN/vanilla_model_weights/v_48_020.pt --out /scratch/users/cbertsch/ftax/expD/expD_p0,v_48_020.pt,8
CAUSAL_pos_gnm_msf,5996,140,-0.036982384329708316,,,,,,,,,,,,,,,,,,,0.0041823455186396795,python3 src/p0_burial_matched.py --data-dir /scratch/users/cbertsch/ftax/expD --only-complexes results/pair_complexes.txt --mpnn-weights /scratch/users/cbertsch/ftax/ProteinMPNN/vanilla_model_weights/v_48_020.pt --out /scratch/users/cbertsch/ftax/expD/expD_p0,v_48_020.pt,8
