source,metric,stat,n,n_cx,note,lo,hi,p_gt0,n_pos,spearman_L_ddG,fixture,test,verdict,seed,shared_n_cx,command
crystal,mapping_control,1.0,3521,140.0,map_rate=1.0,,,,,,,,,20260803,140,python3 src/leverage_predicted.py --stage analyse --out results/leverage_predicted.csv --threads 4
crystal,positive_control_reproduces_committed_L_mut,1.1324882507685041e-05,3521,,,,,,,,,,,20260803,140,python3 src/leverage_predicted.py --stage analyse --out results/leverage_predicted.csv --threads 4
crystal,positive_control_reproduces_committed_L_pos,1.1205673218217527e-05,5690,,,,,,,,,,,20260803,140,python3 src/leverage_predicted.py --stage analyse --out results/leverage_predicted.csv --threads 4
crystal,CPI_mut(L | burial+nbr+dSASA),0.04624,2520,140.0,,0.03324,0.06003,1.0,1309.0,-0.2789,,,,20260803,140,python3 src/leverage_predicted.py --stage analyse --out results/leverage_predicted.csv --threads 4
,,0.02643,2114,,"dropped ['1AO7_ABC_DE', '1CHO_EFG_I', '1R0R_E_I']",0.01806,0.03669,1.0,,,crystal,robustness_drop3_influential_complexes(CPI_mut(L|geom) [crystal]),SURVIVES,20260803,140,python3 src/leverage_predicted.py --stage analyse --out results/leverage_predicted.csv --threads 4
crystal,CPI_mut(L | burial+nbr+dSASA+confidence),0.04544,2520,140.0,,0.03067,0.06114,1.0,1309.0,-0.2789,,,,20260803,140,python3 src/leverage_predicted.py --stage analyse --out results/leverage_predicted.csv --threads 4
crystal,CPI_pos(L(->Ala) | burial+nbr+dSASA),0.00936,5690,140.0,,0.00618,0.01275,1.0,325.0,,,,,20260803,140,python3 src/leverage_predicted.py --stage analyse --out results/leverage_predicted.csv --threads 4
crystal,CPI_pos(|L|_rms | burial+nbr+dSASA),0.00564,5690,140.0,,0.00356,0.00789,1.0,325.0,,,,,20260803,140,python3 src/leverage_predicted.py --stage analyse --out results/leverage_predicted.csv --threads 4
of3,mapping_control,1.0,3521,140.0,map_rate=1.0,,,,,,,,,20260803,140,python3 src/leverage_predicted.py --stage analyse --out results/leverage_predicted.csv --threads 4
of3,CPI_mut(L | burial+nbr+dSASA),0.03891,2520,140.0,,0.02646,0.05043,1.0,1309.0,-0.2719,,,,20260803,140,python3 src/leverage_predicted.py --stage analyse --out results/leverage_predicted.csv --threads 4
,,0.02434,1988,,"dropped ['1CHO_EFG_I', '1R0R_E_I', '3SGB_E_I']",0.01603,0.03372,1.0,,,of3,robustness_drop3_influential_complexes(CPI_mut(L|geom) [of3]),SURVIVES,20260803,140,python3 src/leverage_predicted.py --stage analyse --out results/leverage_predicted.csv --threads 4
of3,CPI_mut(L | burial+nbr+dSASA+confidence),0.04608,2520,140.0,,0.02907,0.06142,1.0,1309.0,-0.2719,,,,20260803,140,python3 src/leverage_predicted.py --stage analyse --out results/leverage_predicted.csv --threads 4
of3,CPI_pos(L(->Ala) | burial+nbr+dSASA),0.0071,5690,140.0,,0.00453,0.00986,1.0,325.0,,,,,20260803,140,python3 src/leverage_predicted.py --stage analyse --out results/leverage_predicted.csv --threads 4
of3,CPI_pos(|L|_rms | burial+nbr+dSASA),0.00216,5690,140.0,,0.00057,0.00379,0.994,325.0,,,,,20260803,140,python3 src/leverage_predicted.py --stage analyse --out results/leverage_predicted.csv --threads 4
af2,mapping_control,1.0,3521,140.0,map_rate=1.0,,,,,,,,,20260803,140,python3 src/leverage_predicted.py --stage analyse --out results/leverage_predicted.csv --threads 4
af2,CPI_mut(L | burial+nbr+dSASA),0.03203,2520,140.0,,0.02261,0.04086,1.0,1309.0,-0.2431,,,,20260803,140,python3 src/leverage_predicted.py --stage analyse --out results/leverage_predicted.csv --threads 4
,,0.01847,1988,,"dropped ['1CHO_EFG_I', '1R0R_E_I', '3SGB_E_I']",0.01085,0.02693,1.0,,,af2,robustness_drop3_influential_complexes(CPI_mut(L|geom) [af2]),SURVIVES,20260803,140,python3 src/leverage_predicted.py --stage analyse --out results/leverage_predicted.csv --threads 4
af2,CPI_mut(L | burial+nbr+dSASA+confidence),0.03579,2520,140.0,,0.02218,0.04867,1.0,1309.0,-0.2431,,,,20260803,140,python3 src/leverage_predicted.py --stage analyse --out results/leverage_predicted.csv --threads 4
af2,CPI_pos(L(->Ala) | burial+nbr+dSASA),0.00237,5690,140.0,,0.00024,0.00441,0.986,325.0,,,,,20260803,140,python3 src/leverage_predicted.py --stage analyse --out results/leverage_predicted.csv --threads 4
af2,CPI_pos(|L|_rms | burial+nbr+dSASA),0.00211,5690,140.0,,0.00076,0.00346,0.999,325.0,,,,,20260803,140,python3 src/leverage_predicted.py --stage analyse --out results/leverage_predicted.csv --threads 4
pooled_of3_af2,CPI_mut(L | burial+nbr+dSASA),0.03624,5040,140.0,,0.02577,0.04755,1.0,2618.0,-0.2573,,,,20260803,140,python3 src/leverage_predicted.py --stage analyse --out results/leverage_predicted.csv --threads 4
,,0.02126,3976,,"dropped ['1CHO_EFG_I', '1R0R_E_I', '3SGB_E_I']",0.01383,0.02943,1.0,,,pooled_of3_af2,robustness_drop3_influential_complexes(CPI_mut(L|geom) [pooled_of3_af2]),SURVIVES,20260803,140,python3 src/leverage_predicted.py --stage analyse --out results/leverage_predicted.csv --threads 4
pooled_of3_af2,CPI_mut(L | burial+nbr+dSASA+confidence),0.04269,5040,140.0,,0.02823,0.05649,1.0,2618.0,-0.2573,,,,20260803,140,python3 src/leverage_predicted.py --stage analyse --out results/leverage_predicted.csv --threads 4
pooled_of3_af2,CPI_pos(L(->Ala) | burial+nbr+dSASA),0.00445,11380,140.0,,0.00218,0.00672,1.0,650.0,,,,,20260803,140,python3 src/leverage_predicted.py --stage analyse --out results/leverage_predicted.csv --threads 4
pooled_of3_af2,CPI_pos(|L|_rms | burial+nbr+dSASA),0.00215,11380,140.0,,0.00078,0.00365,0.999,650.0,,,,,20260803,140,python3 src/leverage_predicted.py --stage analyse --out results/leverage_predicted.csv --threads 4
