fixture,test,stat,n,note,lo,hi,p_gt0,verdict,n_groups,n_pos,n_parsed,n_unique,n_mapped,map_rate,wt_match_rate_of_mapped,wt_match_rate_overall,wt_match_rate_shuffled_within_complex,n_pairs,n_positions,n_designs,frac_P_nat_positive,median_P_nat,native_aa_match_restype,n_mapped_geometry,verify_n_designs,verify_n_positions,verify_max_abs_err,verify_median_abs_err,seed,command
SKEMPI,positive_control_rescoring_reproduces_committed_KL,5.424716447710587e-07,5742.0,residue agreement 1.000; float32 MPNN precision,,,,,,,,,,,,,,,,,,,,,,,,,20260803,python3 src/leverage_decomposition.py --stage analyse --out results/leverage_decomposition.csv --threads 4 --bennett-verify 3
SKEMPI,algebraic_identity_KL_equals_EP_L_plus_r_wt,8.912231193036746e-07,13401.0,scalar KL is ONE functional of the leverage vector L,,,,,,,,,,,,,,,,,,,,,,,,,20260803,python3 src/leverage_decomposition.py --stage analyse --out results/leverage_decomposition.csv --threads 4 --bennett-verify 3
SKEMPI,theorem_confidence_blind_to_leverage,0.2818,904.0,"median |ΔL_rms| within P-matched pairs (TV<0.02) = 0.2818 vs overall SD(L_rms) = 0.9547; median |Δconfidence| within pairs = 0.0044; Spearman(confidence, L_rms) = +0.075",,,,,,,,,,,,,,,,,,,,,,,,,20260803,python3 src/leverage_decomposition.py --stage analyse --out results/leverage_decomposition.csv --threads 4 --bennett-verify 3
SKEMPI,spearman_confidence_vs_leverage_magnitude,0.0746,13401.0,,,,,,,,,,,,,,,,,,,,,,,,,,20260803,python3 src/leverage_decomposition.py --stage analyse --out results/leverage_decomposition.csv --threads 4 --bennett-verify 3
SKEMPI,CPI_position_level(leverage L(->Ala) | burial+nbr+dSASA),0.00484,13401.0,,0.00328,0.00649,1.0,ADDS (CI>0),343.0,327.0,,,,,,,,,,,,,,,,,,,20260803,python3 src/leverage_decomposition.py --stage analyse --out results/leverage_decomposition.csv --threads 4 --bennett-verify 3
SKEMPI,robustness_drop3_influential_complexes(CPI_position_level(L(->Ala) | burial+nbr+dSASA)),0.0041,13185.0,"dropped ['1KBH_A_B', '3EQS_A_B', '4BFI_A_B']",0.00282,0.0055,1.0,SURVIVES,,,,,,,,,,,,,,,,,,,,,20260803,python3 src/leverage_decomposition.py --stage analyse --out results/leverage_decomposition.csv --threads 4 --bennett-verify 3
SKEMPI,within_stratum_AUROC_position(-L(->Ala)) for is_hot,0.6239,13401.0,,0.5891,0.6626,,,,,,,,,,,,,,,,,,,,,,,20260803,python3 src/leverage_decomposition.py --stage analyse --out results/leverage_decomposition.csv --threads 4 --bennett-verify 3
SKEMPI,within_stratum_AUROC_position(-scalar KL) for is_hot,0.4021,13401.0,,0.3629,0.4386,,,,,,,,,,,,,,,,,,,,,,,20260803,python3 src/leverage_decomposition.py --stage analyse --out results/leverage_decomposition.csv --threads 4 --bennett-verify 3
SKEMPI,within_stratum_AUROC_position(-confidence) for is_hot,0.5291,13401.0,,0.4918,0.5643,,,,,,,,,,,,,,,,,,,,,,,20260803,python3 src/leverage_decomposition.py --stage analyse --out results/leverage_decomposition.csv --threads 4 --bennett-verify 3
SKEMPI,CPI_position_level(leverage |L| rms | burial+nbr+dSASA),0.00216,13401.0,,0.00125,0.00312,1.0,ADDS (CI>0),343.0,327.0,,,,,,,,,,,,,,,,,,,20260803,python3 src/leverage_decomposition.py --stage analyse --out results/leverage_decomposition.csv --threads 4 --bennett-verify 3
SKEMPI,CPI_position_level(leverage min_a L | burial+nbr+dSASA),0.002,13401.0,,0.0011,0.00297,1.0,ADDS (CI>0),343.0,327.0,,,,,,,,,,,,,,,,,,,20260803,python3 src/leverage_decomposition.py --stage analyse --out results/leverage_decomposition.csv --threads 4 --bennett-verify 3
SKEMPI,CPI_position_level(scalar KL [ref +0.002] | burial+nbr+dSASA),0.00093,13401.0,,0.00028,0.00163,0.999,ADDS (CI>0),343.0,327.0,,,,,,,,,,,,,,,,,,,20260803,python3 src/leverage_decomposition.py --stage analyse --out results/leverage_decomposition.csv --threads 4 --bennett-verify 3
SKEMPI,CPI_position_level(confidence [ref 0.000] | burial+nbr+dSASA),0.00019,13401.0,,-0.00025,0.00061,0.802,conditionally INDEPENDENT (CI spans 0),343.0,327.0,,,,,,,,,,,,,,,,,,,20260803,python3 src/leverage_decomposition.py --stage analyse --out results/leverage_decomposition.csv --threads 4 --bennett-verify 3
SKEMPI,CPI_position_level(negentropy of P | burial+nbr+dSASA),0.00084,13401.0,,0.00022,0.00151,0.996,ADDS (CI>0),343.0,327.0,,,,,,,,,,,,,,,,,,,20260803,python3 src/leverage_decomposition.py --stage analyse --out results/leverage_decomposition.csv --threads 4 --bennett-verify 3
SKEMPI,positive_control_mutation_mapping,,,,,,,,,,4956.0,4193.0,4193.0,1.0,1.0,1.0,0.18817076079179584,,,,,,,,,,,,20260803,python3 src/leverage_decomposition.py --stage analyse --out results/leverage_decomposition.csv --threads 4 --bennett-verify 3
SKEMPI (natural),spearman_L_vs_ddG,-0.301,2949.0,,-0.3542,-0.2434,0.0,,285.0,,,,,,,,,,,,,,,,,,,,20260803,python3 src/leverage_decomposition.py --stage analyse --out results/leverage_decomposition.csv --threads 4 --bennett-verify 3
SKEMPI (natural),spearman_confidence_vs_ddG,0.1843,2949.0,,,,,,,,,,,,,,,,,,,,,,,,,,20260803,python3 src/leverage_decomposition.py --stage analyse --out results/leverage_decomposition.csv --threads 4 --bennett-verify 3
SKEMPI (natural),spearman_scalarKL_vs_ddG,0.2155,2949.0,,,,,,,,,,,,,,,,,,,,,,,,,,20260803,python3 src/leverage_decomposition.py --stage analyse --out results/leverage_decomposition.csv --threads 4 --bennett-verify 3
SKEMPI (natural),spearman_logP(mut|cx)_vs_ddG,-0.2352,2949.0,,,,,,,,,,,,,,,,,,,,,,,,,,20260803,python3 src/leverage_decomposition.py --stage analyse --out results/leverage_decomposition.csv --threads 4 --bennett-verify 3
SKEMPI (natural),CPI(LEVERAGE L (full) | burial+nbr+dSASA),0.05884,2949.0,,0.04569,0.07268,1.0,ADDS (CI>0),285.0,1432.0,,,,,,,,,,,,,,,,,,,20260803,python3 src/leverage_decomposition.py --stage analyse --out results/leverage_decomposition.csv --threads 4 --bennett-verify 3
SKEMPI (natural),robustness_drop3_influential_complexes(CPI(L | burial+nbr+dSASA)),0.05178,2417.0,"dropped ['1CHO_EFG_I', '1R0R_E_I', '3SGB_E_I']",0.04111,0.06324,1.0,SURVIVES,,,,,,,,,,,,,,,,,,,,,20260803,python3 src/leverage_decomposition.py --stage analyse --out results/leverage_decomposition.csv --threads 4 --bennett-verify 3
SKEMPI (natural),CPI(LEVERAGE L (full) | burial+nbr+dSASA+BLOSUM+dVol+dHydro),0.04684,2949.0,,0.03428,0.06029,1.0,ADDS (CI>0),285.0,1432.0,,,,,,,,,,,,,,,,,,,20260803,python3 src/leverage_decomposition.py --stage analyse --out results/leverage_decomposition.csv --threads 4 --bennett-verify 3
SKEMPI (natural),CPI(LEVERAGE L (full) | burial+nbr+dSASA+confidence),0.0558,2949.0,,0.04264,0.06978,1.0,ADDS (CI>0),285.0,1432.0,,,,,,,,,,,,,,,,,,,20260803,python3 src/leverage_decomposition.py --stage analyse --out results/leverage_decomposition.csv --threads 4 --bennett-verify 3
SKEMPI (natural),CPI(LEVERAGE L (full) | burial+nbr+dSASA+scalarKL),0.06459,2949.0,,0.05123,0.07837,1.0,ADDS (CI>0),285.0,1432.0,,,,,,,,,,,,,,,,,,,20260803,python3 src/leverage_decomposition.py --stage analyse --out results/leverage_decomposition.csv --threads 4 --bennett-verify 3
SKEMPI (natural),CPI(LEVERAGE L (full) | ALL: geom+subst+confidence+scalarKL),0.05042,2949.0,,0.03796,0.0637,1.0,ADDS (CI>0),285.0,1432.0,,,,,,,,,,,,,,,,,,,20260803,python3 src/leverage_decomposition.py --stage analyse --out results/leverage_decomposition.csv --threads 4 --bennett-verify 3
SKEMPI (natural),CPI(confidence | burial+nbr+dSASA),0.01003,2949.0,,0.0046,0.01557,1.0,ADDS (CI>0),285.0,1432.0,,,,,,,,,,,,,,,,,,,20260803,python3 src/leverage_decomposition.py --stage analyse --out results/leverage_decomposition.csv --threads 4 --bennett-verify 3
SKEMPI (natural),CPI(scalar KL | burial+nbr+dSASA),0.00628,2949.0,,0.00222,0.01022,0.999,ADDS (CI>0),285.0,1432.0,,,,,,,,,,,,,,,,,,,20260803,python3 src/leverage_decomposition.py --stage analyse --out results/leverage_decomposition.csv --threads 4 --bennett-verify 3
SKEMPI (natural),CPI(logP(mut|complex) | burial+nbr+dSASA),0.03182,2949.0,,0.02466,0.03914,1.0,ADDS (CI>0),285.0,1432.0,,,,,,,,,,,,,,,,,,,20260803,python3 src/leverage_decomposition.py --stage analyse --out results/leverage_decomposition.csv --threads 4 --bennett-verify 3
SKEMPI (natural),CPI(confidence | burial+nbr+dSASA+BLOSUM+dVol+dHydro),0.01298,2949.0,,0.00691,0.01972,1.0,ADDS (CI>0),285.0,1432.0,,,,,,,,,,,,,,,,,,,20260803,python3 src/leverage_decomposition.py --stage analyse --out results/leverage_decomposition.csv --threads 4 --bennett-verify 3
SKEMPI (natural),CPI(scalar KL | burial+nbr+dSASA+BLOSUM+dVol+dHydro),0.00355,2949.0,,0.00044,0.00625,0.987,ADDS (CI>0),285.0,1432.0,,,,,,,,,,,,,,,,,,,20260803,python3 src/leverage_decomposition.py --stage analyse --out results/leverage_decomposition.csv --threads 4 --bennett-verify 3
SKEMPI (natural),CPI(logP(mut|complex) | burial+nbr+dSASA+BLOSUM+dVol+dHydro),0.02195,2949.0,,0.01495,0.02861,1.0,ADDS (CI>0),285.0,1432.0,,,,,,,,,,,,,,,,,,,20260803,python3 src/leverage_decomposition.py --stage analyse --out results/leverage_decomposition.csv --threads 4 --bennett-verify 3
SKEMPI (natural),within_stratum_AUROC(-LEVERAGE L (full) | burial+nbr+dSASA),0.6311,2949.0,,0.5948,0.6701,,,285.0,,,,,,,,,,,,,,,,,,,,20260803,python3 src/leverage_decomposition.py --stage analyse --out results/leverage_decomposition.csv --threads 4 --bennett-verify 3
SKEMPI (natural),marginal_AUROC(-LEVERAGE L (full)),0.6469,2949.0,,,,,,,,,,,,,,,,,,,,,,,,,,20260803,python3 src/leverage_decomposition.py --stage analyse --out results/leverage_decomposition.csv --threads 4 --bennett-verify 3
SKEMPI (natural),within_stratum_AUROC(-confidence | burial+nbr+dSASA),0.4368,2949.0,,0.3817,0.4842,,,285.0,,,,,,,,,,,,,,,,,,,,20260803,python3 src/leverage_decomposition.py --stage analyse --out results/leverage_decomposition.csv --threads 4 --bennett-verify 3
SKEMPI (natural),marginal_AUROC(-confidence),0.4172,2949.0,,,,,,,,,,,,,,,,,,,,,,,,,,20260803,python3 src/leverage_decomposition.py --stage analyse --out results/leverage_decomposition.csv --threads 4 --bennett-verify 3
SKEMPI (natural),within_stratum_AUROC(-scalar KL | burial+nbr+dSASA),0.4497,2949.0,,0.4105,0.4929,,,285.0,,,,,,,,,,,,,,,,,,,,20260803,python3 src/leverage_decomposition.py --stage analyse --out results/leverage_decomposition.csv --threads 4 --bennett-verify 3
SKEMPI (natural),marginal_AUROC(-scalar KL),0.3817,2949.0,,,,,,,,,,,,,,,,,,,,,,,,,,20260803,python3 src/leverage_decomposition.py --stage analyse --out results/leverage_decomposition.csv --threads 4 --bennett-verify 3
SKEMPI (natural),within_stratum_AUROC(-logP(mut|complex) | burial+nbr+dSASA),0.5987,2949.0,,0.5658,0.632,,,285.0,,,,,,,,,,,,,,,,,,,,20260803,python3 src/leverage_decomposition.py --stage analyse --out results/leverage_decomposition.csv --threads 4 --bennett-verify 3
SKEMPI (natural),marginal_AUROC(-logP(mut|complex)),0.6202,2949.0,,,,,,,,,,,,,,,,,,,,,,,,,,20260803,python3 src/leverage_decomposition.py --stage analyse --out results/leverage_decomposition.csv --threads 4 --bennett-verify 3
SKEMPI (natural),marginal_AUROC(geometry burial+nbr+dSASA),0.6795,2949.0,,,,,,,,,,,,,,,,,,,,,,,,,,20260803,python3 src/leverage_decomposition.py --stage analyse --out results/leverage_decomposition.csv --threads 4 --bennett-verify 3
ABBIND,positive_control_mutation_mapping,,,,,,,,,,,621.0,594.0,0.9565217391304348,1.0,,,,,,,,,,,,,,20260803,python3 src/leverage_decomposition.py --stage analyse --out results/leverage_decomposition.csv --threads 4 --bennett-verify 3
"AB-Bind (natural, Ab-Ag)",spearman_L_vs_ddG,-0.1548,418.0,,-0.2705,-0.0582,0.0,,27.0,,,,,,,,,,,,,,,,,,,,20260803,python3 src/leverage_decomposition.py --stage analyse --out results/leverage_decomposition.csv --threads 4 --bennett-verify 3
"AB-Bind (natural, Ab-Ag)",spearman_confidence_vs_ddG,0.1655,418.0,,,,,,,,,,,,,,,,,,,,,,,,,,20260803,python3 src/leverage_decomposition.py --stage analyse --out results/leverage_decomposition.csv --threads 4 --bennett-verify 3
"AB-Bind (natural, Ab-Ag)",spearman_scalarKL_vs_ddG,0.0649,418.0,,,,,,,,,,,,,,,,,,,,,,,,,,20260803,python3 src/leverage_decomposition.py --stage analyse --out results/leverage_decomposition.csv --threads 4 --bennett-verify 3
"AB-Bind (natural, Ab-Ag)",spearman_logP(mut|cx)_vs_ddG,-0.2514,418.0,,,,,,,,,,,,,,,,,,,,,,,,,,20260803,python3 src/leverage_decomposition.py --stage analyse --out results/leverage_decomposition.csv --threads 4 --bennett-verify 3
"AB-Bind (natural, Ab-Ag)",CPI(LEVERAGE L (full) | burial+nbr+dSASA),0.0155,418.0,,-0.00015,0.03211,0.974,conditionally INDEPENDENT (CI spans 0),27.0,226.0,,,,,,,,,,,,,,,,,,,20260803,python3 src/leverage_decomposition.py --stage analyse --out results/leverage_decomposition.csv --threads 4 --bennett-verify 3
"AB-Bind (natural, Ab-Ag)",robustness_drop3_influential_complexes(CPI(L | burial+nbr+dSASA)),0.00275,378.0,"dropped ['1CZ8', '1MLC', '2JEL']",-0.00412,0.00945,0.803,does not survive,,,,,,,,,,,,,,,,,,,,,20260803,python3 src/leverage_decomposition.py --stage analyse --out results/leverage_decomposition.csv --threads 4 --bennett-verify 3
"AB-Bind (natural, Ab-Ag)",CPI(LEVERAGE L (full) | burial+nbr+dSASA+BLOSUM+dVol+dHydro),0.01495,418.0,,-0.00247,0.0316,0.955,conditionally INDEPENDENT (CI spans 0),27.0,226.0,,,,,,,,,,,,,,,,,,,20260803,python3 src/leverage_decomposition.py --stage analyse --out results/leverage_decomposition.csv --threads 4 --bennett-verify 3
"AB-Bind (natural, Ab-Ag)",CPI(LEVERAGE L (full) | burial+nbr+dSASA+confidence),0.00529,418.0,,-0.00889,0.01927,0.8,conditionally INDEPENDENT (CI spans 0),27.0,226.0,,,,,,,,,,,,,,,,,,,20260803,python3 src/leverage_decomposition.py --stage analyse --out results/leverage_decomposition.csv --threads 4 --bennett-verify 3
"AB-Bind (natural, Ab-Ag)",CPI(LEVERAGE L (full) | burial+nbr+dSASA+scalarKL),0.01908,418.0,,0.0005,0.03844,0.978,ADDS (CI>0),27.0,226.0,,,,,,,,,,,,,,,,,,,20260803,python3 src/leverage_decomposition.py --stage analyse --out results/leverage_decomposition.csv --threads 4 --bennett-verify 3
"AB-Bind (natural, Ab-Ag)",CPI(LEVERAGE L (full) | ALL: geom+subst+confidence+scalarKL),0.00983,418.0,,-0.00396,0.02222,0.919,conditionally INDEPENDENT (CI spans 0),27.0,226.0,,,,,,,,,,,,,,,,,,,20260803,python3 src/leverage_decomposition.py --stage analyse --out results/leverage_decomposition.csv --threads 4 --bennett-verify 3
"AB-Bind (natural, Ab-Ag)",CPI(confidence | burial+nbr+dSASA),0.01128,418.0,,-0.00081,0.02549,0.965,conditionally INDEPENDENT (CI spans 0),27.0,226.0,,,,,,,,,,,,,,,,,,,20260803,python3 src/leverage_decomposition.py --stage analyse --out results/leverage_decomposition.csv --threads 4 --bennett-verify 3
"AB-Bind (natural, Ab-Ag)",CPI(scalar KL | burial+nbr+dSASA),-0.00126,418.0,,-0.00678,0.00406,0.297,conditionally INDEPENDENT (CI spans 0),27.0,226.0,,,,,,,,,,,,,,,,,,,20260803,python3 src/leverage_decomposition.py --stage analyse --out results/leverage_decomposition.csv --threads 4 --bennett-verify 3
"AB-Bind (natural, Ab-Ag)",CPI(logP(mut|complex) | burial+nbr+dSASA),0.04166,418.0,,0.02187,0.06077,1.0,ADDS (CI>0),27.0,226.0,,,,,,,,,,,,,,,,,,,20260803,python3 src/leverage_decomposition.py --stage analyse --out results/leverage_decomposition.csv --threads 4 --bennett-verify 3
"AB-Bind (natural, Ab-Ag)",CPI(confidence | burial+nbr+dSASA+BLOSUM+dVol+dHydro),0.01229,418.0,,-0.00186,0.0274,0.957,conditionally INDEPENDENT (CI spans 0),27.0,226.0,,,,,,,,,,,,,,,,,,,20260803,python3 src/leverage_decomposition.py --stage analyse --out results/leverage_decomposition.csv --threads 4 --bennett-verify 3
"AB-Bind (natural, Ab-Ag)",CPI(scalar KL | burial+nbr+dSASA+BLOSUM+dVol+dHydro),0.00041,418.0,,-0.00645,0.00648,0.565,conditionally INDEPENDENT (CI spans 0),27.0,226.0,,,,,,,,,,,,,,,,,,,20260803,python3 src/leverage_decomposition.py --stage analyse --out results/leverage_decomposition.csv --threads 4 --bennett-verify 3
"AB-Bind (natural, Ab-Ag)",CPI(logP(mut|complex) | burial+nbr+dSASA+BLOSUM+dVol+dHydro),0.03083,418.0,,0.01521,0.04493,1.0,ADDS (CI>0),27.0,226.0,,,,,,,,,,,,,,,,,,,20260803,python3 src/leverage_decomposition.py --stage analyse --out results/leverage_decomposition.csv --threads 4 --bennett-verify 3
"AB-Bind (natural, Ab-Ag)",within_stratum_AUROC(-LEVERAGE L (full) | burial+nbr+dSASA),0.5328,418.0,,0.464,0.6066,,,27.0,,,,,,,,,,,,,,,,,,,,20260803,python3 src/leverage_decomposition.py --stage analyse --out results/leverage_decomposition.csv --threads 4 --bennett-verify 3
"AB-Bind (natural, Ab-Ag)",marginal_AUROC(-LEVERAGE L (full)),0.5623,418.0,,,,,,,,,,,,,,,,,,,,,,,,,,20260803,python3 src/leverage_decomposition.py --stage analyse --out results/leverage_decomposition.csv --threads 4 --bennett-verify 3
"AB-Bind (natural, Ab-Ag)",within_stratum_AUROC(-confidence | burial+nbr+dSASA),0.4431,418.0,,0.3604,0.5081,,,27.0,,,,,,,,,,,,,,,,,,,,20260803,python3 src/leverage_decomposition.py --stage analyse --out results/leverage_decomposition.csv --threads 4 --bennett-verify 3
"AB-Bind (natural, Ab-Ag)",marginal_AUROC(-confidence),0.4235,418.0,,,,,,,,,,,,,,,,,,,,,,,,,,20260803,python3 src/leverage_decomposition.py --stage analyse --out results/leverage_decomposition.csv --threads 4 --bennett-verify 3
"AB-Bind (natural, Ab-Ag)",within_stratum_AUROC(-scalar KL | burial+nbr+dSASA),0.5208,418.0,,0.4511,0.5971,,,27.0,,,,,,,,,,,,,,,,,,,,20260803,python3 src/leverage_decomposition.py --stage analyse --out results/leverage_decomposition.csv --threads 4 --bennett-verify 3
"AB-Bind (natural, Ab-Ag)",marginal_AUROC(-scalar KL),0.4683,418.0,,,,,,,,,,,,,,,,,,,,,,,,,,20260803,python3 src/leverage_decomposition.py --stage analyse --out results/leverage_decomposition.csv --threads 4 --bennett-verify 3
"AB-Bind (natural, Ab-Ag)",within_stratum_AUROC(-logP(mut|complex) | burial+nbr+dSASA),0.6014,418.0,,0.5393,0.6618,,,27.0,,,,,,,,,,,,,,,,,,,,20260803,python3 src/leverage_decomposition.py --stage analyse --out results/leverage_decomposition.csv --threads 4 --bennett-verify 3
"AB-Bind (natural, Ab-Ag)",marginal_AUROC(-logP(mut|complex)),0.6234,418.0,,,,,,,,,,,,,,,,,,,,,,,,,,20260803,python3 src/leverage_decomposition.py --stage analyse --out results/leverage_decomposition.csv --threads 4 --bennett-verify 3
"AB-Bind (natural, Ab-Ag)",marginal_AUROC(geometry burial+nbr+dSASA),0.6682,418.0,,,,,,,,,,,,,,,,,,,,,,,,,,20260803,python3 src/leverage_decomposition.py --stage analyse --out results/leverage_decomposition.csv --threads 4 --bennett-verify 3
BENNETT,positive_control_native_recovery,,,,,,,,,,,,,,,,,27170.0,1430.0,73.0,1.0,0.16397903114557372,1.0,27170.0,3.0,61.0,1.7974525612363124e-07,4.051253188475101e-08,20260803,python3 src/leverage_decomposition.py --stage analyse --out results/leverage_decomposition.csv --threads 4 --bennett-verify 3
Bennett (de-novo),CPI(LEVERAGE L (full) | burial+nbr+dSASA),0.01083,27170.0,,0.00809,0.01364,1.0,ADDS (CI>0),73.0,14334.0,,,,,,,,,,,,,,,,,,,20260803,python3 src/leverage_decomposition.py --stage analyse --out results/leverage_decomposition.csv --threads 4 --bennett-verify 3
Bennett (de-novo),robustness_drop3_influential_complexes(CPI(L | burial+nbr+dSASA)),0.009,25992.0,"dropped ['il2ra_site1_1z92_sap_19_mot_0d89ad2be31940e41b8548213a5e2889_0001_000000090_0001_19_33_H_._HEEHE_1422_0002_0000200016_0000001_0_0001_af2pred_dldesign_0_af2pred', 'il2ra_site1_1z92_sap_25_mot_HHH_b2_05734_000000004_0001_1_18_H_._ems_3hM_3395_0001_0000100008_0000001_0_0001_af2pred_dldesign_0_af2pred', 'il2ra_site1_2b5i_sap_11_mot_HHH_b1_06312_000000036_0001_42_56_H_._HHH_b1_02527_0001_0000400021_0000001_0_0001']",0.00653,0.0114,1.0,SURVIVES,,,,,,,,,,,,,,,,,,,,,20260803,python3 src/leverage_decomposition.py --stage analyse --out results/leverage_decomposition.csv --threads 4 --bennett-verify 3
Bennett (de-novo),CPI(LEVERAGE L (full) | burial+nbr+dSASA+BLOSUM+dVol+dHydro),0.00815,27170.0,,0.00557,0.01069,1.0,ADDS (CI>0),73.0,14334.0,,,,,,,,,,,,,,,,,,,20260803,python3 src/leverage_decomposition.py --stage analyse --out results/leverage_decomposition.csv --threads 4 --bennett-verify 3
Bennett (de-novo),CPI(LEVERAGE L (full) | burial+nbr+dSASA+confidence),0.00667,27170.0,,0.00415,0.00925,1.0,ADDS (CI>0),73.0,14334.0,,,,,,,,,,,,,,,,,,,20260803,python3 src/leverage_decomposition.py --stage analyse --out results/leverage_decomposition.csv --threads 4 --bennett-verify 3
Bennett (de-novo),CPI(LEVERAGE L (full) | burial+nbr+dSASA+scalarKL),0.02008,27170.0,,0.01647,0.02349,1.0,ADDS (CI>0),73.0,14334.0,,,,,,,,,,,,,,,,,,,20260803,python3 src/leverage_decomposition.py --stage analyse --out results/leverage_decomposition.csv --threads 4 --bennett-verify 3
Bennett (de-novo),CPI(LEVERAGE L (full) | ALL: geom+subst+confidence+scalarKL),0.012,27170.0,,0.00889,0.01493,1.0,ADDS (CI>0),73.0,14334.0,,,,,,,,,,,,,,,,,,,20260803,python3 src/leverage_decomposition.py --stage analyse --out results/leverage_decomposition.csv --threads 4 --bennett-verify 3
Bennett (de-novo),CPI(confidence | burial+nbr+dSASA),0.00535,27170.0,,0.00298,0.00775,1.0,ADDS (CI>0),73.0,14334.0,,,,,,,,,,,,,,,,,,,20260803,python3 src/leverage_decomposition.py --stage analyse --out results/leverage_decomposition.csv --threads 4 --bennett-verify 3
Bennett (de-novo),CPI(scalar KL | burial+nbr+dSASA),0.00031,27170.0,,-0.00057,0.00112,0.781,conditionally INDEPENDENT (CI spans 0),73.0,14334.0,,,,,,,,,,,,,,,,,,,20260803,python3 src/leverage_decomposition.py --stage analyse --out results/leverage_decomposition.csv --threads 4 --bennett-verify 3
Bennett (de-novo),CPI(logP(mut|complex) | burial+nbr+dSASA),0.02283,27170.0,,0.01971,0.02599,1.0,ADDS (CI>0),73.0,14334.0,,,,,,,,,,,,,,,,,,,20260803,python3 src/leverage_decomposition.py --stage analyse --out results/leverage_decomposition.csv --threads 4 --bennett-verify 3
Bennett (de-novo),CPI(confidence | burial+nbr+dSASA+BLOSUM+dVol+dHydro),0.00474,27170.0,,0.00231,0.00717,1.0,ADDS (CI>0),73.0,14334.0,,,,,,,,,,,,,,,,,,,20260803,python3 src/leverage_decomposition.py --stage analyse --out results/leverage_decomposition.csv --threads 4 --bennett-verify 3
Bennett (de-novo),CPI(scalar KL | burial+nbr+dSASA+BLOSUM+dVol+dHydro),0.00023,27170.0,,-0.00054,0.00105,0.714,conditionally INDEPENDENT (CI spans 0),73.0,14334.0,,,,,,,,,,,,,,,,,,,20260803,python3 src/leverage_decomposition.py --stage analyse --out results/leverage_decomposition.csv --threads 4 --bennett-verify 3
Bennett (de-novo),CPI(logP(mut|complex) | burial+nbr+dSASA+BLOSUM+dVol+dHydro),0.00878,27170.0,,0.00678,0.01087,1.0,ADDS (CI>0),73.0,14334.0,,,,,,,,,,,,,,,,,,,20260803,python3 src/leverage_decomposition.py --stage analyse --out results/leverage_decomposition.csv --threads 4 --bennett-verify 3
Bennett (de-novo),within_stratum_AUROC(-LEVERAGE L (full) | burial+nbr+dSASA),0.5552,27170.0,,0.5397,0.571,,,73.0,,,,,,,,,,,,,,,,,,,,20260803,python3 src/leverage_decomposition.py --stage analyse --out results/leverage_decomposition.csv --threads 4 --bennett-verify 3
Bennett (de-novo),marginal_AUROC(-LEVERAGE L (full)),0.6218,27170.0,,,,,,,,,,,,,,,,,,,,,,,,,,20260803,python3 src/leverage_decomposition.py --stage analyse --out results/leverage_decomposition.csv --threads 4 --bennett-verify 3
Bennett (de-novo),within_stratum_AUROC(-confidence | burial+nbr+dSASA),0.4719,27170.0,,0.4512,0.4919,,,73.0,,,,,,,,,,,,,,,,,,,,20260803,python3 src/leverage_decomposition.py --stage analyse --out results/leverage_decomposition.csv --threads 4 --bennett-verify 3
Bennett (de-novo),marginal_AUROC(-confidence),0.431,27170.0,,,,,,,,,,,,,,,,,,,,,,,,,,20260803,python3 src/leverage_decomposition.py --stage analyse --out results/leverage_decomposition.csv --threads 4 --bennett-verify 3
Bennett (de-novo),within_stratum_AUROC(-scalar KL | burial+nbr+dSASA),0.5107,27170.0,,0.492,0.5288,,,73.0,,,,,,,,,,,,,,,,,,,,20260803,python3 src/leverage_decomposition.py --stage analyse --out results/leverage_decomposition.csv --threads 4 --bennett-verify 3
Bennett (de-novo),marginal_AUROC(-scalar KL),0.3811,27170.0,,,,,,,,,,,,,,,,,,,,,,,,,,20260803,python3 src/leverage_decomposition.py --stage analyse --out results/leverage_decomposition.csv --threads 4 --bennett-verify 3
Bennett (de-novo),within_stratum_AUROC(-logP(mut|complex) | burial+nbr+dSASA),0.5904,27170.0,,0.5769,0.604,,,73.0,,,,,,,,,,,,,,,,,,,,20260803,python3 src/leverage_decomposition.py --stage analyse --out results/leverage_decomposition.csv --threads 4 --bennett-verify 3
Bennett (de-novo),marginal_AUROC(-logP(mut|complex)),0.6145,27170.0,,,,,,,,,,,,,,,,,,,,,,,,,,20260803,python3 src/leverage_decomposition.py --stage analyse --out results/leverage_decomposition.csv --threads 4 --bennett-verify 3
Bennett (de-novo),marginal_AUROC(geometry burial+nbr+dSASA),0.6984,27170.0,,,,,,,,,,,,,,,,,,,,,,,,,,20260803,python3 src/leverage_decomposition.py --stage analyse --out results/leverage_decomposition.csv --threads 4 --bennett-verify 3
