complex_id,pdb,hot_chain,hot_resnum,hot_aa,ctl_chain,ctl_resnum,ctl_aa,hot_ddG,ctl_ddG,ss,hot_rsasa,ctl_rsasa,d_rsasa,hot_nbr,ctl_nbr,d_nbr,d_logp,d_logp_unc,d_bfac_z,d_gnm,d_buried_polar,d_unsat_polar,d_chi1_strain,d_hydro,d_T,d_logp_o0,d_logp_o1,d_logp_o2,d_logp_o3,d_logp_o4,d_logp_o5,d_logp_o6,d_logp_o7
1A22_A_B,1A22,A,161,K,A,157,K,1.7783553349035608,-0.0523514858914572,H,0.0484401024687262,0.0254298447343707,0.023010257734355503,25,24,1,-0.3828142000000001,-0.7171119999999997,-0.6805304859086688,0.01597011827383979,-1.0,0,2.9253692626953125,0.0,298.0,-0.37712836265563987,-1.0677402019500737,-1.6507712602615354,0.08340036869049094,0.467137813568115,0.08036458492279053,-1.0585263967514038,0.46075010299682617
1A22_A_B,1A22,A,167,R,A,156,R,2.4246162835990783,0.059733763876694976,H,0.1340808914566766,0.0952852699118693,0.0387956215448073,25,24,1,0.051124539999999996,0.4505696400000001,-0.111400018619364,0.010152295683765883,0.3333333333333333,0,1.4595794677734375,0.0,298.0,0.5596739947795868,-0.3288443684577941,0.0014763474464416504,0.07024812698364258,-0.36608564853668213,0.3769274353981018,-0.46122926473617565,0.5568292737007141
1A22_A_B,1A22,B,60,T,B,174,S,1.4230269375004536,0.03384845091440465,L,0.0217324195363067,0.060338991368405,-0.0386065718320983,22,22,0,2.37684918,2.1737380500000003,-1.6501780410895783,-0.006334230465036783,1.0,0,-20.11772537231445,0.10000000000000009,298.0,2.534741759300232,1.9948830604553227,2.81116995215416,2.5138686448335648,2.2539080679416656,2.3755850344896317,2.042913317680359,2.4877237081527714
1A22_A_B,1A22,B,63,W,B,83,S,4.681416547066253,0.2258387121583183,L,0.0217853758949312,0.0134475406244215,0.008337835270509701,20,20,0,-0.10207619999999995,0.07237399999999994,-0.4667837819781758,-0.01264543726426512,1.0,0,2.1191444396972656,-0.09999999999999998,298.0,-1.0460731387138367,-0.45582532882690474,0.24491536617279053,0.012018203735351562,-0.6726785898208616,-0.6442286968231201,0.7156518697738647,1.0296109914779663
1A22_A_B,1A22,B,65,P,B,81,C,2.964936070743077,0.0,L,0.0016721074018139,0.015209366119814,-0.013537258718000099,22,22,0,-0.041866599999999976,0.17710970000000015,-0.6942909527659045,-0.022823857045891405,0.0,0,30.254575729370117,-4.1,298.0,-0.46468789130449295,-0.7870315760374069,0.8849918246269226,1.0631510615348816,-0.664209321141243,0.5837202668190002,-0.5789819434285165,-0.37188495695590973
1A22_A_B,1A22,B,124,W,B,61,S,4.729537319129406,-0.18208834128065177,L,0.0025899575047831,0.0267030935523951,-0.024113136047611998,22,21,1,3.64762743,3.9394198900000004,-0.15441647183029095,-0.018665158550799504,1.0,0,-3.71921539306641,-0.09999999999999998,298.0,3.429473489522934,3.978445276618004,4.032458320260048,3.6815647333860397,3.4902781546115875,3.46388503909111,3.6103622615337367,3.4945530742406845
1A4Y_A_B,1A4Y,A,318,W,A,289,S,1.5000732434540465,0.0423170461223214,L,0.0206164068933458,0.0002921979450456,0.020324208948300202,25,26,-1,-2.1246900999999996,-3.0500768,0.4253065476020377,0.010438604658587688,-1.0,0,29.148082733154297,-0.09999999999999998,298.0,-2.724938154220581,-0.835172176361084,-1.2440552711486816,-2.835791110992432,-2.4235081672668466,-2.387487530708313,-1.4622633457183838,-3.084303855895996
1AO7_ABC_DE,1AO7,A,65,R,A,72,Q,3.130316345563444,0.18687245978083727,H,0.2714152030950879,0.222726210119998,0.048688992975089884,19,19,0,2.23084463,2.1233668000000003,-0.08191096702392231,0.011284502658941986,0.3333333333333333,0,2.1552734375,-1.0,298.0,2.4731693118810654,2.090713262557983,2.571218729019165,2.3871864080429077,1.9516037702560425,2.7464855164289474,1.500216007232666,2.126164674758911
1BD2_ABC_DE,1BD2,C,5,Y,E,99,Y,3.340519887578047,0.23565848095646263,L,0.0186972200413689,0.0516494360754746,-0.0329522160341057,25,24,1,0.9543693000000001,1.09200154,-1.3185972041040361,-0.02678146315271379,0.0,-1,-14.938518524169922,0.0,298.0,0.7837251424789431,1.1532535552978516,0.8378266096115112,1.2977511286735535,0.8900737762451171,0.2347917556762702,1.2153011560440063,1.222232162952423
1BP3_A_B,1BP3,A,174,R,A,167,D,1.149772913128874,0.06775228519782786,H,0.063554336943162,0.0210637611169719,0.04249057582619009,22,21,1,0.318619,0.06738590000000011,0.24007703721901563,-0.016487183239241504,0.16666666666666663,0,-9.724746704101562,-1.0,298.0,1.0802186727523804,0.18514788150787354,0.3325995206832886,-0.16425240039825395,0.580691933631897,0.42798614501953125,-0.06169390678405806,0.16825389862060502
1BRS_A_D,1BRS,D,74,E,A,58,E,1.0933720719856777,0.09445126051006758,H,0.2668907257863038,0.3033613552900482,-0.03647062950374441,14,15,-1,-0.4104898,-0.025190900000000127,1.6113048746384493,0.022108255824440592,0.0,0,6.018428802490234,0.0,298.0,-0.005513668060302734,0.2043144702911377,-0.4887762665748596,-0.8426603674888611,-0.3554341495037079,-0.9120948910713196,-0.8730874061584473,-0.010666370391845925
1C4Z_ABC_D,1C4Z,D,97,K,D,28,N,1.3011671118471222,-0.17831042305884584,L,0.2855312774237972,0.3080152546828317,-0.022483977259034504,14,13,1,1.3436144000000003,1.1690048,-1.3263936121190154,-0.1452804618080743,0.0,0,,-0.3999999999999999,298.0,1.438473999500275,1.22174072265625,1.3212041854858398,1.6086890101432805,1.525820791721344,1.2355194687843323,1.4106303453445435,0.9868389368057251
1DAN_HL_UT,1DAN,T,53,D,U,43,L,1.9886060502579328,-0.027548533277431158,L,0.0510043147057082,0.0468876787671629,0.004116635938545304,26,25,1,1.2395848900000002,1.97591367,-0.23191500171868518,-0.021826407524347308,0.5,0,-24.716781616210938,-7.3,298.0,1.1145737990736961,1.1403943821787834,1.748628057539463,0.5662196800112724,0.662322647869587,1.3689811006188393,1.8836253210902212,1.4319346025586128
1EMV_A_B,1EMV,A,28,E,A,46,S,1.4160003467957893,0.007266185306894499,H,0.1601145418469645,0.1693976140131145,-0.009283072166150014,18,19,-1,2.6213108,2.0378575000000003,-0.7675817737001036,0.04067554663031339,0.0,0,-0.8970794677734375,-2.7,298.0,1.84805178642273,2.734357476234436,3.0043448209762573,2.81107497215271,1.6491873264312744,3.717705249786377,2.9264469146728516,2.279315710067749
1EMV_A_B,1EMV,A,52,Y,B,74,S,4.83463531579262,-0.24101999230793322,H,0.0093400348574383,0.0248848831953956,-0.0155448483379573,25,26,-1,1.8580231699999998,1.6265676,-0.6888544479166782,0.01413175687752849,1.0,1,-2.3257026672363277,-0.5,298.0,1.5278520584106445,2.0795817375183105,2.0590035915374756,1.0457402467727657,2.220314919948578,2.4180627465248112,2.0237993597984314,1.4898300170898435
1EMV_A_B,1EMV,B,54,R,B,77,S,1.665700915381987,-0.2328891551097506,H,0.1870480289010325,0.1746400679178492,0.012407960983183308,18,19,-1,0.39081560000000026,0.4724269000000003,0.4092880242387368,0.04897982258107031,0.0,0,-3.5160293579101562,-3.7,298.0,0.5311741828918457,1.0124013423919678,0.15249848365783691,0.1959826946258545,0.4909160137176509,0.22114896774291992,0.22178053855895952,0.30062222480773926
1JTD_A_B,1JTD,B,35,Y,A,190,V,3.150407363841207,0.03796234973680423,L,0.0081227634618895,0.0058344459974435,0.0022883174644460005,25,24,1,-0.8278498999999999,-0.11429329999999993,-0.7555301995478009,0.02016770778013119,1.0,0,23.759399414062496,-5.5,298.0,-0.4326501488685608,-1.219179272651672,-1.388996183872223,-0.6229939460754395,-0.41778290271759033,-0.23180079460144043,-0.6903582215309143,-1.6190378069877625
1JTD_A_B,1JTD,B,170,Y,B,131,S,2.0263542280666793,0.15156033328878646,H,0.4171071919896301,0.4632167987548274,-0.04610960676519732,16,16,0,-1.130934,-0.26763994,-0.7208897105018153,-0.1443123188041237,0.0,0,7.588722229003906,-0.5,298.0,-1.9294880032539368,-1.3835896253585815,-1.0362747311592102,-0.41784846782684326,-0.582228422164917,-1.157882809638977,-1.5038771629333496,-1.036280870437622
1JTG_A_B,1JTG,A,78,V,B,39,S,1.90988814615532,0.021610792644000815,L,0.0005971861768104,0.0161823376055583,-0.0155851514287479,21,21,0,0.229401756,0.252131444,-0.329418553914152,0.0015416554376553038,0.0,0,-2.7264060974121094,5.0,298.0,0.3213968649506569,0.2352489456534386,0.2634924426674843,0.18014411628246307,0.1723532155156135,0.19984894990921032,0.2026440054178238,0.26008562743663793
1JTG_A_B,1JTG,A,104,M,A,82,P,1.1186526748995211,-0.07375289937941845,H,0.0065755292596665,0.002789364860402,0.0037861643992645,24,24,0,-4.10785264,-4.42494018,1.2515939837379608,-0.063878527697276,0.0,0,-26.48453712463379,3.5,297.0,-4.520285919308662,-3.5958412438631053,-3.782352402806281,-4.440670892596245,-3.9364518225193024,-3.7065758705139156,-4.749578073620796,-4.131063140928745
1OGA_ABC_DE,1OGA,E,94,R,E,97,Y,2.1612792666649274,0.2164266167331387,L,0.0299497773871027,0.0781457233635212,-0.0481959459764185,24,24,0,-0.6891899000000006,-0.4284327000000001,-0.15263793648793,-0.009066687330346213,1.0,0,-5.085311889648434,-3.2,298.0,-0.7126364707946777,-0.7711238861083993,-0.734957218170166,-0.6683378219604492,-0.8546571731567383,-0.6238803863525391,-0.714085578918457,-0.43384313583374023
2AK4_ABC_DE,2AK4,A,157,R,A,163,L,1.403360330923035,0.14031953477858408,H,0.2355437842570769,0.189539326891791,0.046004457365285883,21,21,0,2.0567467,1.8708754,0.11247520353459906,-0.012007283744048192,0.0,0,-5.1265106201171875,-8.3,298.0,2.0870107412338257,2.3000939786434174,2.367539554834366,1.64372256398201,2.016985476016998,2.0068341791629787,1.9647965133190155,2.066989243030548
2AK4_ABC_DE,2AK4,C,4,P,D,30,T,1.0959006384745251,-0.12662655380057075,L,0.026344376511513,0.0716770083645519,-0.0453326318530389,22,21,1,3.06664183,2.45388281,-0.5128623892474731,0.06605209519463351,0.0,0,-10.151844024658203,-0.9000000000000001,298.0,2.948352426290512,2.4351339489221573,2.5449575632810593,2.5304232388734818,3.7043022587895393,4.08708880841732,3.752529874444008,2.530349224805832
2BNR_ABC_DE,2BNR,A,66,K,A,72,Q,1.6885781242920541,-0.09624154412630512,H,0.0421557444226159,0.0275845647840652,0.014571179638550702,26,27,-1,-0.3090595999999999,-0.4830723000000001,-0.25277684002040357,0.006283883253776101,-0.5,0,6.1388702392578125,-0.3999999999999999,298.0,-1.1640101671218872,-1.4774460792541504,-0.4155683517456059,0.2085199356079097,-0.20356380939483643,0.13423800468444824,0.004829525947570801,0.4405233860015869
2NYY_DC_A,2NYY,A,925,F,A,926,N,4.058501760948707,0.09934819078872777,L,0.0335310182104314,0.034612812387766,-0.0010817941773346024,24,24,0,3.04242245,2.9784875,-0.3179161015487466,0.049035195698222234,-0.5,0,6.3966064453125,6.3,296.0,3.159358382225037,2.643773630261421,3.302196651697159,3.002614766359329,3.207596242427826,3.6351109743118277,2.731189727783203,2.657539799809456
2NZ9_DC_A,2NZ9,A,891,L,A,926,N,2.2799642665477884,-0.15216729887098615,L,0.03120665639263,0.0361531559102394,-0.004946499517609396,24,25,-1,0.7993589999999999,0.8140780000000003,-0.5197908629412435,0.000848870919785194,-0.5,0,7.836280822753906,7.3,296.0,1.8935751914978027,0.1947503089904783,0.8367123603820801,0.8624699115753174,1.0092487335205074,0.8429493904113774,1.0146243572235105,-0.2594590187072754
2WPT_A_B,2WPT,A,51,Y,B,67,S,5.214129786929024,-0.13404678098345613,H,0.0192425586873389,0.040841605912795,-0.0215990472254561,24,25,-1,1.9140030500000003,1.9772561,-0.34572596729601046,0.004273542029153893,0.0,0,-16.29741668701172,-0.5,298.0,1.7367721199989319,2.4488906860351562,1.9774154424667363,1.6462422013282776,1.8332073688507076,1.7320101857185364,2.166774809360504,1.7707112431526184
2WPT_A_B,2WPT,B,68,N,B,71,S,1.251038131995906,-0.09516641326410087,H,0.0042335204200204,0.0067159776708063,-0.0024824572507859003,26,26,0,2.6699267,3.6298885000000003,0.24822256858238534,0.018349371306997986,1.0,0,17.576408386230472,-2.7,298.0,3.473975419998169,2.299496054649353,3.2250972986221313,1.9014694690704346,2.2012786865234375,2.314295053482055,3.3050378561019897,2.63876211643219
3C60_CD_AB,3C60,C,40,K,D,79,E,1.5937182868909552,0.047400224739094526,H,0.354464682658286,0.330294741667673,0.024169940990613037,13,12,1,0.39936040000000006,0.3639449000000001,-0.515590158445921,-0.0246974789553851,0.0,0,-45.16846466064454,-0.3999999999999999,298.0,0.3273693323135377,0.29438555240631104,0.2885429263114928,0.34634459018707275,0.4265121817588806,0.898853987455368,0.04276621341705311,0.5701082050800323
3HFM_HL_Y,3HFM,H,53,Y,Y,93,N,3.2503791460482225,0.21121814832220448,H,0.1629610467559561,0.1535257874933053,0.009435259262650791,19,18,1,0.005137200000000064,0.2401323999999998,0.9755625018918124,-0.15317818911177983,-0.5,0,4.1909484863281286,2.2,303.0,-0.2331230640411377,-0.3711369037628174,0.5170855522155757,0.550162792205811,-0.12442541122436479,-0.2614166736602783,0.19542479515075684,-0.23147320747375488
3M62_A_B,3M62,A,50,L,A,54,T,2.827996665486802,0.016682417900765995,H,0.1069939846377668,0.1313683733954977,-0.024374388757730903,20,21,-1,-1.1977122,-1.9404629000000002,-0.3596684604756629,0.042484410349356794,0.0,0,14.124225616455078,4.5,298.0,-1.718384861946106,-1.9946774244308474,-1.5424935817718506,0.5308232307434082,-0.5877411365509033,-0.6131268739700317,-1.8564989566802983,-1.7995970249176028
3M63_A_B,3M63,A,106,V,A,102,G,1.838115370315378,0.12465081399829436,H,0.0052886281409831,0.0019531938045881,0.0033354343363950004,24,23,1,-0.17929486000000003,-0.41610895,0.3583047040178531,0.016507261282200925,0.0,0,,4.6000000000000005,298.0,-0.4232275038957596,-0.3223494291305542,-0.12162198871374129,-0.0874386802315712,-0.1086155697703361,-0.08065006136894229,-0.1731506288051605,-0.11730504035949711
3SE3_B_A,3SE3,A,55,Y,A,166,T,1.4966495837536624,-0.15631687832154764,L,0.0972658806948419,0.0791587907030349,0.018107089991807004,19,20,-1,0.33784130000000023,0.8507206999999999,-0.21444119471474687,-0.022600567253837606,0.0,0,,-0.6000000000000001,298.0,0.33017086982727095,0.6070460081100462,0.03610837459564187,0.5346193313598628,0.24441015720367454,0.0358736515045166,0.784488320350647,0.13001239299774192
3SE4_B_A,3SE4,A,223,F,A,117,D,1.3635602050590228,0.13214263720953795,H,0.0153908451903083,0.0,0.0153908451903083,24,24,0,-1.0346907999999997,-0.6125438000000001,-0.43871181295746065,-0.0506663862456142,-1.0,0,-38.33205032348633,6.3,298.0,-1.3701494932174683,-0.6596150398254397,-0.9625264406204224,-1.0547761917114258,-1.6126070618629456,-0.6069333553314211,-0.9002226591110234,-1.1106977462768552
3SE4_B_C,3SE4,B,31,L,C,39,S,2.727120410118045,0.2118100390989157,L,0.1271841515070136,0.1667471603118457,-0.0395630088048321,19,20,-1,0.58607353,0.7885156,-0.8463618437530203,0.0033251021398358893,0.0,0,3.134105682373047,4.6,298.0,0.9247728884220123,0.6606660485267639,0.6646023988723757,0.14883387088775635,1.1119021773338318,0.5729885101318357,0.010487377643585205,0.5943353176116943
4OFY_A_D,4OFY,A,34,Q,A,87,S,1.1762294551826238,0.14209558868467176,L,0.012054481648668,0.0009578644168893,0.0110966172317787,25,25,0,-0.41785020000000006,-0.7939364800000002,-0.3576338062658777,0.026805053769589582,-0.5,0,9.773895263671875,-2.7,298.0,-0.49877625703811623,-0.3724021315574646,-0.12710395455360413,-0.6801055073738098,-0.23316514492034912,-0.11419233679771429,-0.7921183705329895,-0.5249390602111816
4OFY_A_D,4OFY,D,34,Q,A,36,M,2.8692159988027166,0.08407289665825735,E,0.0101308383521464,0.0168023409247569,-0.006671502572610498,24,25,-1,2.0551442499999997,0.8015132999999999,0.383235156121022,-0.03303188112515032,1.0,0,7.195945739746094,-5.4,298.0,3.240173816680908,2.3471215963363647,1.5270177125930786,2.3195700347423553,3.30790776014328,1.2260720729827879,2.455582320690155,0.017708659172058328
4P23_CD_AB,4P23,C,40,K,D,75,E,1.1931987157495938,0.17036148930942865,H,0.3189832174233397,0.3259310754697586,-0.006947858046418898,13,12,1,0.627942,0.39749104999999985,-0.052825177148833224,-0.09048168862241479,0.0,0,1.3753547668457036,-0.3999999999999999,298.0,0.6924271881580353,0.8803130686283112,0.3404642343521118,1.0230188369750979,0.16780316829681396,0.7206095457077026,1.0177508294582367,0.18114906549453735
4PWX_AB_CD,4PWX,A,198,Y,C,20,Q,1.7284574247898898,-0.17771794009516576,H,0.106214321299363,0.1058278069149864,0.0003865143843765906,22,22,0,-0.727103,0.11294770000000032,-0.8771062035726054,-0.10502756583708717,0.0,0,6.699104309082031,2.2,298.0,-1.3970456123352046,-1.2458500862121582,-1.1140449047088623,0.9827506542205815,-1.3275237083435059,-1.5974147319793701,-1.303249359130859,1.1855533123016353
4YFD_A_B,4YFD,B,4,W,A,169,R,1.1320943862080435,0.15937440841854456,L,0.0351811283433972,0.0374133197900652,-0.0022321914466680026,23,23,0,2.58186917,2.25355945,-1.121353836403944,-0.04589634568491391,-0.3333333333333333,0,-24.383132934570312,3.6,298.0,1.9358673095703125,1.8711559772491455,1.9613720774650574,2.3104742765426636,2.9557681679725643,3.124287396669388,4.418292462825775,2.077734172344208
