complex_id,pdb,n_hot,L,sum_delta_nats,max_delta_nats,log10_Nhot_brief,log10_Nhot_indep,log10_Nhot_indep_sd,log10_Nhot_chain,log10_Nhot_chain_sd,positional_correlation_log10,n_reps,hot_native,hot_mode,hot_resnums
1A22_A_B,1A22,15,372,6.441841125488281,3.4445254802703857,27.976560540969935,42.36677432858099,0.8800538325058932,39.75954818725586,5.04977017168203,-2.6072261413251283,4,LRKTRCRETIWPDIW,LKRTRCNKSNFPDVW,A45;A64;A161;A164;A167;A171;B11;B12;B60;B62;B63;B65;B119;B120;B124
1A4Y_A_B,1A4Y,6,583,8.653654098510742,2.7005434036254883,37.58234223282674,38.617514630363765,1.8112143732749448,31.603590965270996,3.0647910299437147,-7.013923665092763,4,WWWYDR,HYDRNR,A263;A318;A375;A434;A435;B5
1AHW_AB_C,1AHW,3,628,0.09372210502624512,0.09372210502624512,0.40702993045255276,5.660897705260921,0.3271868390948887,5.6414512395858765,0.36312261878569146,-0.019446465675044378,4,YTT,TTT,C145;C159;C186
1AK4_A_D,1AK4,4,310,3.552018404006958,3.552018404006958,15.426219924790171,15.664675467153621,0.1468193103203013,15.647056818008423,0.17584082807831952,-0.017618649145199505,4,PHGP,PRGP,D85;D87;D89;D90
1AO7_ABC_DE,1AO7,11,707,9.842977523803711,3.2273154258728027,42.747508240856845,38.244154520967115,2.470468521548323,47.691426277160645,5.057815615410497,9.447271756193528,4,RKEWYYKTWEP,RRDEWVRTYEP,A65;A66;A166;A167;C5;C8;D66;D92;D95;E28;E100
1BD2_ABC_DE,1BD2,4,815,3.5053083896636963,1.7934041023254395,15.223360910001167,15.019473040458676,1.1827309953268759,13.497291564941406,1.4050239117265704,-1.5221814755172698,4,RYYE,RFEL,A65;C5;C8;D93
1BJ1_HL_VW,1BJ1,2,619,1.1035829782485962,1.092760682106018,4.792799977757217,3.113458879051249,0.16649680348801493,3.0695073008537292,0.17157678530144604,-0.043951578197519714,4,YY,LA,H54;H99
1BP3_A_B,1BP3,6,383,3.8937597274780273,1.8930621147155762,16.910383635008166,14.630146073554911,0.9972355485876059,13.226269960403442,0.8880442191223507,-1.4038761131514694,4,FSRKKR,RRRRIL,A25;A62;A163;A164;A168;A174
1BRS_A_D,1BRS,8,195,6.946861267089844,3.2125813961029053,30.16983514844551,39.814458934620504,1.9459058748433447,34.05846071243286,3.4924292569135296,-5.755998222187637,4,KRHYDDTE,TLDYDDTD,A25;A57;A100;D29;D35;D39;D42;D74
1C1Y_A_B,1C1Y,8,244,6.71546745300293,1.9790403842926025,29.164904582400574,38.16237099022001,0.7859970235009849,37.43052053451538,5.4720730159842255,-0.7318504557046364,4,DRKQRTVK,EKNQYVVR,A38;B5;B11;B12;B13;B14;B15;B30
1C4Z_ABC_D,1C4Z,7,1194,2.374110221862793,2.176352024078369,10.310629687851158,10.671596016583795,1.3642164861727357,10.224496841430664,1.8506187024557328,-0.4470991751531317,4,LYMPFKK,LYVPFKT,A139;A149;A157;D59;D60;D93;D97
1CBW_FGH_I,1CBW,2,297,0.0,0.0,0.0,0.9530514445483995,0.7061912759737282,0.8012501001358032,0.701274315612272,-0.1518013444125962,4,KI,KI,I15;I18
1CHO_EFG_I,1CHO,5,291,0.4040544033050537,0.4040544033050537,1.7547859774409584,6.236277016491362,0.4600147201256244,5.4412312507629395,0.5805522068437444,-0.7950457657284222,4,TLEYR,TLVYR,I14;I15;I16;I17;I18
1DAN_HL_UT,1DAN,7,587,1.2443642616271973,0.6954418420791626,5.404205323023061,3.152592008240758,0.20292144632960302,3.060609519481659,0.17827501868350143,-0.09198248875909942,4,QFKDWDF,QYKDWDL,U20;U50;T15;T39;T40;T53;T71
1DQJ_AB_C,1DQJ,17,553,12.95551872253418,2.771343946456909,56.2651029139086,60.39351289859744,0.9040796097642213,66.74732208251953,7.269813260025926,6.353809183922092,4,NNYSYDYYYWYRWLKKD,NNDTYGSYPLYLWLKLD,A31;A32;A50;A91;A96;B32;B33;B50;B53;B98;C20;C21;C63;C75;C96;C97;C101
1DVF_AB_CD,1DVF,19,451,22.33140754699707,3.621291160583496,96.98407070793459,130.63145932774268,1.7975064739836888,127.2264404296875,2.7217513145519727,-3.4050188980551823,4,HYYSYWDNDRDYHDNIYQR,SRYTTWDTSKNYYNNTNTR,A30;A32;A49;A93;B32;B52;B54;B56;B58;B99;B100;C49;D33;D52;D55;D101;D102;D104;D106
1E50_A_B,1E50,6,245,1.7878284454345703,1.6494826078414917,7.7644402844190274,9.480242735544904,0.6000606929956934,10.171340465545654,1.4664224514369706,0.6910977300007497,4,MNTTRN,ANTTAD,A48;A51;A91;A103;B32;B99
1EAW_A_B,1EAW,1,297,0.5579642057418823,0.5579642057418823,2.423207756532302,0.2811310064965391,0.26402185675168965,0.28113101748749614,0.2640218676571224,1.0990957074585167e-08,4,D,R,A47
1EFN_A_B,1EFN,1,161,0.0,0.0,0.0,4.012331593311512e-07,7.338430070856031e-07,4.0123315336870746e-07,7.338429976450551e-07,-5.962443772023789e-15,4,I,I,A12
1EMV_A_B,1EMV,16,214,9.806329727172852,2.2096614837646484,42.5883488823499,46.32715766502125,0.8824519046298861,44.40650177001953,2.2780037747586883,-1.9206558950017136,4,ELVVEGSDYYRNNFKV,QLIVEGSDFNVNQFRT,A28;A31;A32;A35;A39;A47;A48;A49;A52;A53;B54;B72;B75;B86;B97;B98
1F47_A_B,1F47,4,161,0.0,0.0,0.0,1.7171393903864012,0.8546909791128486,1.9188889861106873,0.8365691954966988,0.20174959572428589,4,DIFL,DIFL,A7;A8;A11;A12
1FC2_C_D,1FC2,2,249,3.517512321472168,3.1345856189727783,15.276361912420596,18.06663651588117,1.1239872865117773,17.27743101119995,1.3240159105660416,-0.7892055046812185,4,IK,LR,C27;C31
1FCC_A_C,1FCC,5,262,3.328669548034668,2.5335912704467773,14.456228167908474,7.0009792284770525,0.5208071155938067,8.124149918556213,1.667592922474851,1.123170690079161,4,EKKNW,EKRIW,C27;C28;C31;C35;C43
1FFW_A_B,1FFW,1,196,0.0,0.0,0.0,0.0,0.0,0.0,0.0,0.0,4,F,F,B56
1GC1_G_C,1GC1,3,478,3.4369492530822754,2.5226330757141113,14.92648095195135,14.394481469961178,0.34993391529351764,15.414827108383179,0.3881601863567898,1.020345638421999,4,LKR,IKP,C44;C46;C59
1GCQ_AB_C,1GCQ,1,182,0.0,0.0,0.0,0.0,0.0,0.0,0.0,0.0,4,P,P,C67
1GUA_A_B,1GUA,4,243,1.754610300064087,0.7156050205230713,7.620175712084418,15.172731851981805,0.6830796550513106,11.97052550315857,2.232478158058213,-3.2022063488232364,4,ESRK,YVLR,A37;A39;B4;B29
1H9D_A_B,1H9D,4,250,1.2915266752243042,1.2915266752243042,5.609029082807686,5.645360180248947,0.7891986013590192,5.645360589027405,0.7891984808719277,4.087784577500031e-07,4,RGQN,RGRN,B2;B60;B66;B94
1IAR_A_B,1IAR,3,317,0.7977696657180786,0.7977696657180786,3.4646696365116334,3.0446859748331683,0.18883308315748543,3.0659322142601013,0.19759044941970452,0.021246239426932823,4,IRN,LRN,A5;A88;A89
1JCK_A_B,1JCK,8,477,3.2968735694885254,1.646051287651062,14.318139987615435,17.528107426384068,0.17755356122196728,17.0197811126709,0.37179237425424827,-0.5083263137131713,4,TNYNYVFQ,NNTNYVDV,B20;B23;B26;B60;B90;B91;B176;B210
1JRH_LH_I,1JRH,17,442,14.43343734741211,2.7484729290008545,62.68362194877387,70.21396690377986,0.44418175786644754,69.13231658935547,7.416509284050211,-1.0816503144243939,4,YWYWWDDYYHKYGVKNW,NYPYNDTEYHRSGVTNY,L30;L92;H32;H54;H55;H56;H58;H60;H104;H107;I37;I39;I40;I41;I42;I43;I72
1JTD_A_B,1JTD,21,535,24.801733016967773,3.592005729675293,107.71255790906793,130.2749169759021,3.3064120177821072,128.1128215789795,2.5019796247340116,-2.1620953969225987,4,LYPKMNDWYFNDWYYFIFEWN,LNPGYWAFTYAYNHTFRFDWE,A76;A79;A81;A85;A103;B12;B14;B15;B35;B36;B74;B93;B114;B153;B170;B171;B191;B192;B230;B231;B266
1JTG_A_B,1JTG,15,427,11.65881633758545,4.096312522888184,50.633596009368404,56.085859350692914,1.677478188176429,49.180182456970215,5.2515821986291815,-6.905676893722703,4,VEEMFDYKWGFHWRW,VPEYFSYKRGFLTSF,A78;A79;A85;A104;B36;B49;B53;B74;B112;B141;B142;B148;B150;B160;B162
1K8R_A_B,1K8R,7,248,3.8928332328796387,1.4755078554153442,16.906359920092235,16.052994945388292,1.3380706613282853,10.01338267326355,1.9772819297034532,-6.0396122721247405,4,DDRQRKR,EESERKA,A33;A38;A41;B11;B13;B31;B77
1KTZ_A_B,1KTZ,10,188,10.932883262634277,4.306779861450195,47.48090872254487,66.71137808790117,1.2096674555890878,53.73764705657959,2.4149694093675014,-12.973731031321567,4,RRLFDITIEE,ESLNGRVIPE,A13;A64;B3;B6;B8;B26;B27;B29;B31;B95
1LFD_A_B,1LFD,8,254,3.194445848464966,2.796052932739258,13.873302047270858,21.158746997631003,1.1307387698799878,14.558622121810913,4.543403317497184,-6.600124875820089,4,IYKKDEDY,IYRKDLDY,A5;A18;A19;A39;B33;B37;B38;B40
1MI5_ABC_DE,1MI5,8,827,11.14785099029541,3.3032302856445312,48.414501701649975,49.37648174334667,1.6685751658635932,44.92966651916504,3.4169583685255436,-4.446815224181636,4,HLLGYGQY,RLNGIGSA,D47;D49;D90;D93;D96;E95;E96;E98
1N8Z_AB_C,1N8Z,2,1015,1.9109272956848145,1.9109272956848145,8.299051798342186,7.363000922340445,0.6765855777506061,9.021036386489868,0.8140868567784091,1.658035464149423,4,RR,SR,B50;B59
1NMB_N_LH,1NMB,1,619,1.335862636566162,1.335862636566162,5.801577716414133,6.306119198468359,1.0153333074646236,6.306119203567505,1.0153333068913122,5.0991459943361406e-09,4,Y,S,H103
1OGA_ABC_DE,1OGA,6,824,4.53907585144043,2.8088254928588867,19.71295595220883,19.091916356283413,0.9265073404975505,19.902531147003174,0.64717516488505,0.8106147907197592,4,VDQINR,VDQVGV,A152;E28;E48;E49;E51;E94
1PPF_E_I,1PPF,4,274,1.5170161724090576,1.5170161724090576,6.588317526352458,2.625075600996012,0.31337099235166616,2.1519754827022552,0.3454068000929308,-0.47310011829375653,4,TLEY,TLRY,I17;I18;I19;I20
1R0R_E_I,1R0R,3,325,3.816408634185791,3.816408634185791,16.57445210514815,17.32912103926163,0.5131892133954,17.90239715576172,1.1085873972289813,0.5732761165000886,4,EYG,EYQ,I14;I15;I27
1REW_AB_C,1REW,1,292,0.0,0.0,0.0,0.010429044859375465,0.007845774047209665,0.010429045360069722,0.00784577451938751,5.006942578372666e-10,4,Q,Q,C55
1S1Q_A_B,1S1Q,1,213,2.931197166442871,2.931197166442871,12.730027547565864,11.940112190612552,0.32831491225933235,11.940112352371216,0.32831499214160803,1.6175866290879526e-07,4,N,P,A43
1SMF_E_I,1SMF,5,232,2.4445836544036865,2.349459648132324,10.61669191658407,10.403066079028665,0.1940729942441319,10.540420770645142,0.35638563339054186,0.13735469161647584,4,TKSIE,TKTII,I2;I3;I4;I5;I8
1TM1_E_I,1TM1,5,345,3.5926475524902344,2.3581271171569824,15.602670074697318,22.02477296737828,0.9108943882465146,19.778063774108887,2.0353052971808667,-2.2467091932693917,4,TMEYR,TQFYD,I39;I40;I41;I42;I43
1U7F_B_AC,1U7F,2,587,0.137107253074646,0.137107253074646,0.5954492343923141,0.03732873291571412,0.023102315201342673,0.03732873313128948,0.023102314328266062,2.1557537005501004e-10,4,RD,RT,B65;B140
1UUZ_A_D,1UUZ,1,258,2.041698455810547,2.041698455810547,8.866983730689107,3.978144617598118,0.4485863027078685,3.978144586086273,0.4485863623519956,-3.151184435612464e-08,4,H,G,A62
1VFB_AB_C,1VFB,6,352,0.8632032871246338,0.5204759836196899,3.748844243589767,10.906752160750374,0.40569359956515283,8.631722450256348,2.465331914211027,-2.2750297104940254,4,YWDQIR,YYNQIE,A32;A92;B100;C121;C124;C125
1XD3_A_B,1XD3,1,304,0.09674662351608276,0.09674662351608276,0.4201652473580612,4.607497482824213,0.23703807260248477,4.607497453689575,0.23703812254924667,-2.9134637813399422e-08,4,L,F,B8
1XGQ_AB_C,1XGQ,1,554,2.9187917709350586,2.9187917709350586,12.67615159941716,12.11072838442955,0.27616105851664935,12.11072826385498,0.2761610946333577,-1.2057456943992406e-07,4,V,S,B33
1XGR_AB_C,1XGR,1,554,1.868198275566101,1.868198275566101,8.113482021795283,7.04244242901159,0.6415828440104113,7.042442321777344,0.6415828357721498,-1.0723424592740116e-07,4,I,A,B33
1XGT_AB_C,1XGT,1,554,3.009270668029785,3.009270668029785,13.069096456786479,11.95302166036485,0.4494562695030613,11.953021764755249,0.44945630752839877,1.04390399435772e-07,4,L,A,B33
1XGU_AB_C,1XGU,1,553,2.057669162750244,2.057669162750244,8.936343629649151,4.79758234311293,0.722462679218594,4.797582447528839,0.7224628153013123,1.0441590903020881e-07,4,F,S,B33
1Z7X_W_X,1Z7X,9,586,12.055869102478027,2.927334785461426,52.35797425754116,54.153946681625456,1.982848027891282,53.045475006103516,2.022914549787027,-1.108471675521944,4,WWEKWEYDY,NSESDEYNR,W261;W263;W287;W320;W375;W401;W434;W435;W437
2A9K_A_B,2A9K,1,377,0.0,0.0,0.0,0.0,0.0,0.0,0.0,0.0,4,E,E,B65
2AJF_A_E,2AJF,1,771,0.0,0.0,0.0,0.0,0.0,0.0,0.0,0.0,4,Y,Y,A23
2AK4_ABC_DE,2AK4,9,833,5.203036308288574,2.3925716876983643,22.596499578319943,22.024660791544235,1.078279544442087,21.15820550918579,1.997479833382464,-0.8664552823584426,4,RRPLPQNYN,KRPLPAYTA,A151;A157;C4;C5;C6;C7;D51;D97;D98
2AW2_A_B,2AW2,3,210,1.0456712245941162,1.0456712245941162,4.541292427262405,6.618692403772325,0.01700774289593096,6.6259987354278564,0.021794969338791444,0.007306331655531295,4,PYV,PYL,B16;B22;B35
2B42_A_B,2B42,1,548,3.048492908477783,3.048492908477783,13.23943648273096,14.54237768289957,1.1240312269767019,14.542377948760986,1.124031167554494,2.658614177697416e-07,4,H,W,A357
2BNR_ABC_DE,2BNR,3,829,0.7492581605911255,0.7492581605911255,3.2539868466570625,2.7626856504693937,0.20024480053673777,2.811992824077606,0.23753734757596998,0.04930717360821235,4,RKT,RKV,A65;A66;A73
2BTF_A_P,2BTF,1,512,1.4494249820709229,1.4494249820709229,6.294772716461215,7.390065188657495,0.2691521724087359,7.3900651931762695,0.26915202934957455,4.5187753539011055e-09,4,F,Y,P59
2FTL_E_I,2FTL,9,279,2.339857578277588,1.2077966928482056,10.161872346854624,14.306051832798959,1.0620335190573809,13.18906283378601,2.239061651953298,-1.1169889990129476,4,TPKRIIVGR,TPKRIKVGN,I11;I13;I15;I17;I18;I19;I34;I37;I39
2G2U_A_B,2G2U,4,430,1.6990563869476318,1.2325775623321533,7.378908132938327,2.7471593118702717,0.07181460718011562,2.0698389410972595,0.7386676619583081,-0.6773203707730121,4,FYHW,FYYS,B36;B53;B148;B150
2GOX_A_B,2GOX,2,362,0.0,0.0,0.0,0.0324466490632815,0.05184237613514019,0.034514627302996814,0.050669022167199276,0.002067978239715318,4,RN,RN,B31;B38
2J0T_A_D,2J0T,3,285,4.205236434936523,2.3086981773376465,18.26310978791435,12.376984330151817,0.38099729097782903,12.355879068374634,0.37779485485869835,-0.021105261777183415,4,TMS,VLS,D2;D66;D68
2JEL_LH_P,2JEL,1,520,0.0,0.0,0.0,0.0,0.0,0.0,0.0,0.0,4,E,E,P70
2NYY_DC_A,2NYY,5,1700,4.587162971496582,1.920722246170044,19.92179566111889,13.775906078041302,0.4205847889635551,15.363776683807373,1.1080064131981004,1.5878706057660712,4,LEFTH,NGFIH,A891;A892;A925;A1035;A1036
2NZ9_DC_A,2NZ9,6,1700,6.019318103790283,1.9586130380630493,26.14156637296465,24.77432632051985,1.245974918243227,26.443521976470947,1.3715965137896153,1.669195655951099,4,NLEFTH,NSGQIH,A890;A891;A892;A925;A1035;A1036
2O3B_A_B,2O3B,3,376,0.5143043994903564,0.5143043994903564,2.233595627172274,2.973438786005062,0.7154887391360293,1.2737988894805312,1.3910272421742704,-1.699639896524531,4,EQW,ERW,B24;B74;B76
2PCC_A_B,2PCC,2,402,0.0,0.0,0.0,1.812017998532285e-07,5.17719469296732e-08,1.9414479091039993e-07,6.514494322929352e-08,1.2942991057171434e-08,4,VE,VE,A197;A290
2WPT_A_B,2WPT,9,195,2.4776344299316406,2.1954283714294434,10.760229610928205,6.572060334965615,0.48895789228000275,8.917481422424316,1.7292948578753002,2.345421087458702,4,EVESDYYNF,EVESDFNNF,A27;A34;A38;A47;A48;A51;A52;B68;B79
3AAA_AB_C,3AAA,6,634,7.240033149719238,2.9507250785827637,31.443064457196847,29.720615246925757,0.807435086771314,34.36123847961426,1.748690901633699,4.640623232688501,4,KRRWDE,ERKWEN,A248;A252;A258;C7;C43;C77
3B4V_AB_C,3B4V,3,429,1.099943995475769,1.099943995475769,4.776996076377419,4.27606510615626,0.31272333875351804,4.882513999938965,0.2629488758234529,0.6064488937827044,4,LFL,LYL,C49;C52;C53
3BK3_A_C,3BK3,3,171,0.0,0.0,0.0,0.15649262637537997,0.1198187558450501,0.1564926290884614,0.11981875710846382,2.713081438329712e-09,4,III,III,C3;C22;C28
3BN9_B_CD,3BN9,5,662,0.11556804180145264,0.11556804180145264,0.5019056283873522,0.730570288561782,0.07035228515299136,0.7190133035182953,0.11815983721403939,-0.011556985043486706,4,DFTYQ,DYTYQ,B91;B92;B93;B141;B169
3BT1_A_U,3BT1,6,398,2.915276288986206,1.9639544486999512,12.660884055300988,8.024875182867959,0.5975828852019833,8.39901876449585,0.7567044711880329,0.37414358162789196,4,LLDDLH,LLDPLY,U55;U66;U138;U139;U148;U164
3BX1_A_C,3BX1,1,450,0.0,0.0,0.0,2.9898403492108327e-06,9.109325370267914e-07,2.989840311329317e-06,9.109324261448415e-07,-3.788151515747958e-14,4,Y,Y,C87
3C60_CD_AB,3C60,8,818,4.444155216217041,2.8762588500976562,19.30072087124614,18.158990807855208,1.5349490983922167,18.932121753692627,2.102698178396009,0.7731309458374187,4,KVQKKRTH,KVRTRRTH,C40;C66;D4;D5;D7;D80;D87;D91
3D3V_ABC_DE,3D3V,3,828,1.3645269870758057,1.3417915105819702,5.9260654089509215,9.898472093660828,0.360813302036447,8.767779350280762,1.3737221867045128,-1.130692743380068,4,YEL,VDL,C8;E30;E97
3EQS_A_B,3EQS,5,95,0.697869598865509,0.6030097007751465,3.030809158753264,5.3010306489000865,0.42470550697480297,5.176028847694397,0.44688979375754606,-0.1250018012056895,4,SFYWL,TFHWL,B2;B3;B6;B7;B10
3EQY_A_C,3EQY,4,96,0.585929274559021,0.585929274559021,2.544658507265582,2.4079677696189297,0.3688713569543207,3.271928369998932,0.5621859787800142,0.8639606003800021,4,FYWL,FHWL,C3;C6;C7;C10
3F1S_A_B,3F1S,4,644,2.67154860496521,2.3365273475646973,11.60238817272721,12.470246896252235,0.43581658012978375,12.493306875228882,0.30411000984423125,0.023059978976646356,4,MDYD,LEFD,A33;A36;A202;A255
3HFM_HL_Y,3HFM,14,558,12.957393646240234,2.858553886413574,56.27324560410389,74.40089973827135,1.6897536509800928,61.70498752593994,3.874195877650442,-12.6959122123314,4,DYYYYWNNYYYKKD,RTSPKGGNDYYKLD,H32;H33;H50;H53;H58;H98;L31;L32;L50;L96;Y20;Y96;Y97;Y101
3HH2_AB_C,3HH2,2,496,0.0,0.0,0.0,0.11174056355950442,0.0697576000928945,0.028649078216403723,0.030798432496049095,-0.08309148534310068,4,FF,FF,C47;C52
3KBH_A_E,3KBH,2,703,0.0,0.0,0.0,4.310049471777387e-06,4.07798254721708e-06,0.0,0.0,-4.310049471777387e-06,4,YS,YS,A23;E54
3KUD_A_B,3KUD,1,241,0.0,0.0,0.0,1.2464648147899637e-05,2.0854899814885096e-05,1.2464648278864843e-05,2.0854900108559377e-05,1.3096520629402238e-13,4,K,K,B30
3LB6_A_C,3LB6,4,361,0.7764754295349121,0.7764754295349121,3.3721899438046954,4.877267663208507,0.4641948644887526,4.8758991956710815,0.4647513050643672,-0.0013684675374245892,4,IKKF,IKKY,A10;A100;A101;A103
3M62_A_B,3M62,11,1027,7.216926574707031,3.856381893157959,31.342713876961998,39.28206308333037,0.8753803905042942,36.23197841644287,0.3754817319985129,-3.0500846668875035,4,DLEGYIISVQV,DEKGYIIKVQL,A46;A50;A55;A102;A103;A110;B43;B45;B48;B50;B67
3M63_A_B,3M63,5,1025,1.9917023181915283,0.7816892862319946,8.649853263844953,16.062510274582614,0.4302996807361513,13.43596601486206,0.8794516969813551,-2.626544259720555,4,DYVIF,EYIVV,A46;A103;A106;A110;A113
3MZG_A_B,3MZG,2,392,2.466891050338745,2.0497639179229736,10.71357170618634,14.86330755734304,0.3103335874071916,14.676389932632446,0.4306745455113409,-0.18691762471059326,4,HH,AF,A167;B188
3NGB_HL_G,3NGB,12,779,9.784116744995117,2.9909286499023438,42.49187912648585,44.95483116043998,0.948495657111542,43.28714942932129,0.6104606937795007,-1.6676817311186838,4,WWGVNRVYNWYE,FYGVNYVNPYGA,H47;H50;H56;H58;H59;H72;H74;H104;H105;H106;L87;L88
3NPS_A_BC,3NPS,4,678,2.8851799964904785,1.585909128189087,12.530177517734582,12.495978948623609,0.4595757749598923,12.59076452255249,0.4127489173952892,0.09478557392888254,4,DDHY,DEDY,A47;A91;A138;A141
3Q8D_A_E,3Q8D,2,234,3.3859620094299316,3.3859620094299316,14.705046166294656,14.477815392732218,0.45259029557477104,13.503673076629639,0.47472435933311696,-0.9741423161025802,4,RR,LR,A131;A209
3QHY_A_B,3QHY,17,529,20.874666213989258,4.300315856933594,90.6575234830778,83.82358237603816,3.55285356457659,98.35542106628418,4.7837546955376835,14.531838690246008,4,NDWYFNDWYDYFIFEWN,PYFEYYYNYDTFAFWWE,B10;B12;B13;B33;B34;B72;B91;B112;B151;B166;B168;B169;B189;B190;B228;B229;B264
3QIB_ABP_CD,3QIB,6,794,4.047480583190918,2.86369252204895,17.577984828903713,10.419604783437459,0.583193967799123,11.492313385009766,1.0066526823504465,1.072708601572308,4,QEEYKT,MEAYRT,B62;B64;B67;P6;P8;P11
3R9A_AC_B,3R9A,1,1065,0.11056679487228394,0.11056679487228394,0.4801854889476167,0.8883442088543311,0.1835151440138016,0.8883442282676697,0.183515148725312,1.9413338603335717e-08,4,Y,F,A325
3S9D_A_B,3S9D,14,307,5.1684770584106445,2.5157439708709717,22.446410663112935,30.767242418165196,0.7596550857569618,24.42777967453003,3.614841326810839,-6.339462743635166,4,LLLRMRSLTMEVWI,LLLFMRSITMEVIL,A8;A19;A23;A26;A119;A120;A123;A124;B33;B35;B66;B69;B87;B90
3SE3_B_A,3SE3,2,413,1.8610395193099976,1.7977359294891357,8.082391938402122,14.29274491423708,0.8685709770576797,14.292744874954224,0.8685711616143863,-3.928285607912585e-08,4,YF,LY,A55;A223
3SE4_B_A,3SE4,2,428,2.2802252769470215,2.0984392166137695,9.902892552744055,12.646109575128511,0.6265590405202817,12.646109580993652,0.6265590704586954,5.865141705641008e-09,4,YF,LY,A55;A223
3SE4_B_C,3SE4,7,333,4.67100191116333,3.206439256668091,20.285903549777775,24.77339497096176,1.0586710901896008,20.24259328842163,0.6576847856185379,-4.53080168254013,4,LKTMEVI,LETLEVL,B31;B134;C36;C38;C69;C72;C95
3SE8_HL_G,3SE8,10,779,7.063231945037842,2.2760486602783203,30.67522658132707,32.79955787731667,0.39735760317493285,33.81572723388672,1.272817262198679,1.0161693565700496,4,WWKVSRQRFE,FYRTNSEYYE,H47;H50;H52;H58;H59;H62;H63;H72;H115;L91
3SE9_HL_G,3SE9,4,777,4.996639251708984,4.996639251708984,21.70012855078405,23.355540323830905,0.9137398987377867,23.11731195449829,1.1479961810842187,-0.23822836933261282,4,WNRR,WNRV,H51;H60;H67;H74
3SEK_B_C,3SEK,2,310,0.35832679271698,0.35832679271698,1.556193487950747,0.32870326661764426,0.06553905710309091,0.6178072243928909,0.23386578966152313,0.28910395777524667,4,LF,QF,C44;C47
3SF4_A_D,3SF4,1,400,0.10666823387145996,0.10666823387145996,0.46325425364740597,5.966951039712148,0.2730370475295656,5.966951012611389,0.2730369665074408,-2.710075897027764e-08,4,W,F,D8
3SGB_E_I,3SGB,5,235,1.3712562322616577,0.6693812608718872,5.955290149466817,4.530356437627719,0.6729204337560842,3.0511632561683655,2.0020970150525708,-1.4791931814593537,4,TLEYG,PLNLG,I11;I12;I13;I14;I26
3SZK_AB_C,3SZK,6,426,3.925180435180664,2.950809955596924,17.04684203473567,18.864549777417434,0.7856616267071425,16.456690788269043,0.6535583597379173,-2.4078589891483917,4,YYFFST,YYAFSV,C40;C41;C43;C44;C69;C70
3U82_A_B,3U82,1,531,0.0,0.0,0.0,1.9673390436269514e-06,1.0735711953697572e-06,1.9673391022934084e-06,1.0735712339125894e-06,5.866645698295065e-14,4,I,I,B45
3UIG_A_P,3UIG,2,140,3.817716598510742,2.60127854347229,16.580132522036674,16.233940303880335,0.7365099085455049,16.04924750328064,0.6232512524477216,-0.18469280059969462,4,EE,VV,A61;A72
4B0M_A_BM,4B0M,3,478,0.0,0.0,0.0,0.018651864872534903,0.011627368763584996,0.030386850470677018,0.014020658614581159,0.011734985598142116,4,YLP,YLP,M37;M40;M99
4BFI_A_B,4BFI,3,394,1.5726405382156372,1.5726405382156372,6.829891077644112,6.968218981879227,0.1770659913997345,7.044823408126831,0.2634216034438299,0.07660442624760333,4,NLF,NIF,B43;B91;B95
4CPA_A_I,4CPA,1,345,0.4268617630004883,0.4268617630004883,1.853837082066057,3.2229631557855756,0.2915558508105647,3.2229630947113037,0.29155586148083257,-6.10742718620827e-08,4,V,I,I37
4CVW_A_C,4CVW,2,975,0.9288636445999146,0.9288636445999146,4.034003552902861,0.002280492396999368,0.0011560740825287505,0.0019306089088786393,0.0010740962648054077,-0.00034988348812072895,4,RR,RH,C27;C31
4E6K_AB_G,4E6K,1,371,0.5893071889877319,0.5893071889877319,2.5593286032328875,3.4829311592051937,0.42907962610437184,3.482931137084961,0.4290796169627947,-2.212023275660613e-08,4,L,V,G5
4FTV_ABC_DE,4FTV,1,829,0.20220589637756348,0.20220589637756348,0.8781690500507655,2.4722687774045332e-05,3.200417241363243e-05,2.4722688436895623e-05,3.200417280713999e-05,6.628502962666834e-13,4,R,L,A65
4FZA_A_B,4FZA,2,605,3.1190528869628906,3.1190528869628906,13.545874575723904,14.840479565016212,0.20082811130371764,14.98935604095459,0.3295587132205921,0.14887647593837938,4,YR,YY,A213;A217
4G0N_A_B,4G0N,9,242,5.515179634094238,1.4190146923065186,23.95212081792323,38.2801888264822,0.9410770546088886,32.96186304092407,3.9292550023503727,-5.318325785558132,4,IEDKQRTVK,IYENQSVVR,A36;A37;A38;B12;B13;B14;B15;B16;B31
4HFK_A_BD,4HFK,4,355,0.031737446784973145,0.031737446784973145,0.13783398008411937,0.20524408838496339,0.07881696487345027,0.31387872947379947,0.5123259423318255,0.10863464108883607,4,RLET,YLET,B22;B45;B46;D72
4HRN_A_D,4HRN,3,191,0.0,0.0,0.0,0.002664930393214227,0.0013702884495860608,0.0027759851363953203,0.0011298115622795728,0.00011105474318109324,4,LVF,LVF,D17;D44;D47
4I77_HL_Z,4I77,5,534,0.3929956555366516,0.3929956555366516,1.7067584461151892,5.025689110493234,0.32270355214421953,4.821219086647034,0.3879941354168173,-0.20447002384620028,4,WDYYN,WDFYN,H52;H54;H101;H103;L95
4J2L_A_CD,4J2L,1,171,4.050018787384033,4.050018787384033,17.589008109653847,18.343338374981432,1.1172327251153558,18.34333848953247,1.1172326125743501,1.1455104065305477e-07,4,W,L,C17
4JEU_A_B,4JEU,3,783,0.0,0.0,0.0,1.9631478363106794,0.42504556932921356,1.6350281238555908,0.566573675341625,-0.32811971245508836,4,RLI,RLI,B3;B7;B215
4JFF_ABC_DE,4JFF,5,828,4.798990249633789,2.804398536682129,20.841749841234634,18.441514744856516,0.6312060277414094,20.505099296569824,2.5437343180225844,2.0635845517133076,4,EGILT,MGIYP,C1;C4;C7;C8;C9
4JGH_ABC_D,4JGH,1,731,3.0915744304656982,3.0915744304656982,13.42653715544441,10.644273244748696,0.3483574724957558,10.644273042678833,0.34835743233008054,-2.0206986350856937e-07,4,W,E,D44
4KRL_A_B,4KRL,1,327,0.0,0.0,0.0,0.0,0.0,0.0,0.0,0.0,4,R,R,B30
4KRO_A_B,4KRO,2,686,2.5640478134155273,2.0977704524993896,11.135518167024621,11.569112465451054,0.8941175848656678,11.569112539291382,0.8941173894880518,7.384032763013693e-08,4,RD,KS,B15;B92
4KRP_A_B,4KRP,1,650,0.12470149993896484,0.12470149993896484,0.5415717330855112,2.593324868677783,0.5615507977206847,2.5933247804641724,0.5615507888642944,-8.821361097144376e-08,4,E,I,B105
4L3E_ABC_DE,4L3E,5,826,2.157259941101074,1.2505888938903809,9.368860884511305,24.026957496307357,1.1009893661628776,24.16900396347046,1.004579274816517,0.14204646716310254,4,RQEYY,EYRNY,A65;A155;A166;D26;E48
4MNQ_ABC_DE,4MNQ,2,825,2.8002843856811523,2.4025073051452637,12.161480564611617,14.227870401636782,0.2145401082139778,14.087606430053711,0.6142931303420941,-0.1402639715830718,4,KL,RR,C4;C6
4MYW_A_B,4MYW,1,535,0.0,0.0,0.0,0.007707742242479956,0.006501815179199926,0.007707742159254849,0.006501815171060902,-8.322510757809154e-11,4,I,I,B48
4O27_A_B,4O27,2,606,0.2557508945465088,0.1920236349105835,1.1107120224336922,1.6602894036839062,0.4855368762263,1.6602894067764282,0.48553684474306075,3.0925219052235775e-09,4,KY,RF,A88;A215
4OFY_A_D,4OFY,7,637,1.7142025232315063,0.6966737508773804,7.44468696704074,26.183491384181714,1.1409275468929618,15.616394758224487,2.4397642968316275,-10.567096625957227,4,QFQQLQR,VFSQLQS,A34;A40;A85;D34;D42;D86;D96
4OZG_ABJ_GH,4OZG,5,808,3.0385539531707764,1.8796966075897217,13.196272148273799,27.464605534771533,0.48423891749856324,23.294366359710693,0.5090066734386968,-4.170239175060841,4,YLFRD,YLIFD,G31;G50;H94;H95;H98
4P23_CD_AB,4P23,7,817,3.4467926025390625,2.6682333946228027,14.96923007547663,11.228242907105129,1.300584081496832,12.087188243865967,1.4783045387219107,0.8589453367608382,4,KQVEKKR,KEVETRR,C40;C62;C66;D2;D5;D7;D79
4P5T_CD_AB,4P5T,9,813,8.878458023071289,3.23197078704834,38.558653272295146,36.17506884165337,0.5902713515205404,37.11412525177002,0.6706560296051358,0.9390564101166561,4,KLHEQKKER,KIDENVQER,C40;C61;C69;D2;D4;D5;D7;D77;D78
4PWX_AB_CD,4PWX,6,921,10.66433334350586,4.455096244812012,46.314611242614504,50.10357718966951,0.9331155970409977,52.14157676696777,1.2428582741281522,2.037999577298267,4,FYQRYR,RQDRGR,A194;A198;A205;B269;C16;C28
4RS1_A_B,4RS1,5,372,1.1546686887741089,0.7700047492980957,5.014662399610587,5.679417625475354,1.0635556538346584,5.46018260717392,1.9558049896502312,-0.21923501830143421,4,EDDLF,EDELT,A25;A28;A92;A95;A99
4YEB_A_B,4YEB,1,588,0.5490617752075195,0.5490617752075195,2.384544991966294,2.4481833933439643,0.6037636437866959,2.4481834173202515,0.6037636639594477,2.397628712236255e-08,4,F,D,B131
4YFD_A_B,4YFD,3,813,0.9336403608322144,0.7357945442199707,4.054748567915916,3.407091111876919,0.5710108906547402,3.181118667125702,0.4907907441580951,-0.22597244475121703,4,EWK,EFR,A259;B4;B71
4YH7_A_B,4YH7,3,909,0.5960421562194824,0.5960421562194824,2.5885781942783717,0.43809458045583505,0.3208036569951443,0.438094574958086,0.320803665922681,-5.4977490789032135e-09,4,RYD,YYD,A169;A246;B258
4ZS6_HL_A,4ZS6,1,638,1.6451165676116943,1.6451165676116943,7.144650474013766,6.089823900419704,0.20638159324099778,6.089823961257935,0.20638153300464554,6.083823045344161e-08,4,E,F,A156
5C6T_HL_A,5C6T,6,783,4.382638931274414,1.9759612083435059,19.03355904026843,12.01290108753782,0.5125291090711955,14.290955305099487,1.8527883107369514,2.2780542175616674,4,NYFYEF,SPGLEF,H97;H98;H99;A182;A194;A199
5F4E_A_B,5F4E,5,442,4.238365173339844,1.9635297060012817,18.406986070724134,31.018753973085747,1.1260560424349804,22.47898292541504,1.7594487151946694,-8.539771047670708,4,HREWL,YFGWL,A136;A139;B26;B43;B62
5K39_A_B,5K39,2,320,3.4632840156555176,3.4632840156555176,15.040851372629264,17.38392838649962,0.20982130352017342,17.371827125549316,0.20377360923297333,-0.012101260950303505,4,FI,RI,B142;B148
5M2O_A_B,5M2O,5,211,0.0,0.0,0.0,0.015049607098642942,0.011243689935948513,0.012111421241570497,0.020109534487322073,-0.0029381858570724454,4,LIVQK,LIVQK,A75;B17;B21;B25;B32
5TAR_A_B,5TAR,1,332,0.0,0.0,0.0,0.0008164741465527398,0.001253976431963002,0.0008164741784639773,0.001253976501428267,3.1911237543009595e-11,4,E,E,B86
5XCO_A_B,5XCO,7,189,2.63364315032959,1.5288273096084595,11.437766874904371,13.714549186072363,0.5322599614407477,15.450498819351196,0.8085043299624243,1.7359496332788336,4,PLYISYD,PIYISFD,B6;B7;B8;B9;B10;B11;B12
